"1","PktLoss.10.160.99.0","O"
"2","pmRtpReceivedPktsHi.10.160.96.0","O"
"3","pmNrOfIpTermsBusy.VMGW_CALIS2Z_SPX1","G"
"4","pmRtpReceivedOctetsHi.10.160.101.0","A"
"5","pmRtpSentOctetsHi.10.160.98.0","A"
"6","pmNrOfAdmCtrlRejectedConnections.10.160.57.0","A"
"7","pmRtpLostPkts.10.160.4.0","A"
"8","pmNrOfContextsReq.VMGW_RAIND2Z","A"
"9","pmIpOutRequests.CTRL-22","D"
"10","NoDisturbJitter.1","O"
"11","pmNrOfMediaStreamChannelsBusy.1","G"
"12","NbIPTermination.VMGW_CALIS2Z_SPX1","O"
"13","pmRtpReceivedOctetsHi.10.160.39.0","A"
"14","pmRtpReceivedPktsLo.10.160.77.0","O"
"15","pmNrOfOrigNbInitFaults.VMGW_CALIS2Z","A"
"16","pmRtpReceivedPktsLo.10.160.4.0","O"
"17","pmRtpSentPktsLo.10.160.34.0","A"
"18","pmRtpReceivedPktsHi.10.160.82.0","O"
"19","pmRtpReceivedDscpCongPackets.10.160.97.0","A"
"20","pmIpCnConnMeasuredJitter4.1","A"
"21","pmNrOfIpTermsReq.VMGW_CALIS2Z_SPX1","A"
"22","pmNrOfAdmCtrlRejectedConnections.10.160.45.0","A"
"23","pmIpInReceives.CTRL-22","D"
"24","pmIfStatsIpUnknownProtos.CTRL-4_SS7_A","D"
"25","pmRtpSentPktsLo.10.160.82.0","A"
"26","pmRtpReceivedOctetsLo.10.160.98.0","A"
"27","pmRtpReceivedDscpCongPackets.10.160.17.0","A"
"28","pmNrOfSentIpbcpRejectMsg.VMGW_MEIND2Z","A"
"29","pmRtpReceivedDscpCongPackets.10.160.98.0","A"
"30","pmIfStatsIpInReceives.CTRL-25_IUA_B","D"
"31","PktLoss.10.160.102.0","O"
"32","pmNrOfRecFaultyIpbcpAcceptMsg.VMGW_CALIS2Z","A"
"33","pmRtpSentPktsLo.10.160.39.0","A"
"34","pmRtpReceivedPktsLo.10.160.34.0","O"
"35","IPBCPestablishSuccessRate.VMGW_RAIND2Z","O"
"36","pmNrOfOrigIpbcpBearSupervTmrExp.VMGW_RAIND2Z","A"
"37","pmRtpReceivedPkts.10.160.97.0","O"
"38","pmNrOfAdmCtrlRejectedConnections.10.160.72.0","A"
"39","pmRtpDiscardedPkts.10.160.39.0","A"
"40","pmRtpSentOctetsHi.10.160.39.0","A"
"41","NbIPTermination.VMGW_RAIND2Z","O"
"42","pmRtpSentPktsHi.10.160.72.0","A"
"43","pmRtpReceivedOctetsLo.10.160.57.0","A"
"44","pmRtpReceivedOctetsHi.10.160.57.0","A"
"45","pmIfStatsIpUnknownProtos.CTRL-25_IUA_B","D"
"46","pmIfStatsIpInDiscards.CTRL-4_Nb","D"
"47","pmRtpReceivedPktsHi.10.160.100.0","O"
"48","pmRtpReceivedPkts.10.160.17.0","O"
"49","pmIfStatsIpOutRequests.CTRL-4_IUA_A","D"
"50","pmRtpLostPkts.10.160.101.0","A"
"51","pmBusyInstances.PcmService","G"
"52","pmRtpLostPkts.10.160.82.0","A"
"53","pmIfStatsIpInDiscards.CTRL-4_IUA_A","D"
"54","pmRtpSentPktsLo.10.160.99.0","A"
"55","pmRtpDiscardedPkts.10.160.97.0","A"
"56","pmNrOfIpTermsBusy.VMGW_RAIND2Z","G"
"57","pmRtpReceivedOctetsHi.10.160.82.0","A"
"58","pmRtpReceivedPkts.10.160.99.0","O"
"59","pmRtpLostPkts.10.160.96.0","A"
"60","pmRtpSentPktsLo.10.160.57.0","A"
"61","pmIfStatsIpAddrErrors.CTRL-4_Nb","D"
"62","pmRtpReceivedOctetsHi.10.160.17.0","A"
"63","pmBusyInstances.AmrService","G"
"64","pmRtpSentPktsLo.10.160.102.0","A"
"65","pmRtpSentPktsLo.10.160.100.0","A"
"66","pmIfStatsIpInReceives.CTRL-25_SS7_B","D"
"67","PktLoss.10.160.39.0","O"
"68","pmRtpSentPktsHi.10.160.34.0","A"
"69","pmUsedBandwidthForIpTransport.1","G"
"70","pmNrOfAdmCtrlRejectedConnections.10.160.97.0","A"
"71","pmRtpReceivedOctetsLo.10.160.96.0","A"
"72","pmRtpReceivedPktsHi.10.160.17.0","O"
"73","pmRtpReceivedOctetsLo.10.160.99.0","A"
"74","pmNrOfContextsBusy.VMGW_MEIND2Z","G"
"75","PktLoss.10.160.97.0","O"
"76","pmBusyInstances.ToneSenderService","G"
"77","pmRtpDiscardedPkts.10.160.82.0","A"
"78","pmRtpReceivedPktsHi.10.160.57.0","O"
"79","pmRtpLostPkts.10.160.72.0","A"
"80","pmNrOfOrigNbInitFaults.VMGW_CALIS2Z_SPX1","A"
"81","PktLoss.10.160.77.0","O"
"82","pmNrOfAdmCtrlRejectedConnections.10.160.96.0","A"
"83","pmIfStatsIpOutDiscards.CTRL-4_Nb","D"
"84","pmRtpSentOctetsHi.10.160.72.0","A"
"85","pmRtpReceivedOctetsLo.10.160.101.0","A"
"86","pmNrOfAdmCtrlRejectedConnections.10.160.82.0","A"
"87","pmNrOfAdmCtrlRejectedConnections.10.160.100.0","A"
"88","pmNrOfContextsBusy.VMGW_RAIND2Z","G"
"89","pmRtpReceivedOctetsLo.10.160.17.0","A"
"90","pmNrOfContextsReq.VMGW_CALIS2Z","A"
"91","pmRtpLostPkts.10.160.34.0","A"
"92","pmNrOfAdmCtrlRejectedConnections.10.160.102.0","A"
"93","pmIfStatsIpOutRequests.CTRL-25_IUA_B","D"
"94","PktLoss.10.160.57.0","O"
"95","pmRtpReceivedDscpCongPackets.10.160.34.0","A"
"96","pmIfStatsIpAddrErrors.CTRL-25_Nb","D"
"97","pmIfStatsIpOutRequests.CTRL-4_SS7_A","D"
"98","pmRtpSentOctetsLo.10.160.34.0","A"
"99","capacityBusy.csd_gsm_mfh","G"
"100","pmNrOfContextsReq.VMGW_MEIND2Z","A"
"101","pmNrOfTermIpbcpBearSupervTmrExp.VMGW_RAIND2Z","A"
"102","pmRtpSentPktsLo.10.160.72.0","A"
"103","pmRtpReceivedPktsHi.10.160.39.0","O"
"104","pmRtpReceivedPkts.10.160.45.0","O"
"105","pmRtpReceivedPkts.10.160.98.0","O"
"106","pmIfStatsIpInDiscards.CTRL-25_IUA_B","D"
"107","PktLoss.10.160.72.0","O"
"108","pmRtpReceivedDscpCongPackets.10.160.57.0","A"
"109","pmRtpReceivedDscpCongPackets.10.160.72.0","A"
"110","IPOutDiscards.CTRL-25_SS7_B","O"
"111","pmNrOfIpTermsRej.VMGW_MEIND2Z","A"
"112","PktLoss.10.160.17.0","O"
"113","pmNrOfAdmCtrlRejectedConnections.10.160.39.0","A"
"114","pmRtpSentOctetsHi.10.160.96.0","A"
"115","pmNrOfIpTermsReq.VMGW_CALIS2Z","A"
"116","PktLoss.10.160.98.0","O"
"117","pmIfStatsIpInReceives.CTRL-4_IUA_A","D"
"118","pmIfStatsIpInDiscards.CTRL-25_Nb","D"
"119","pmRtpReceivedOctetsHi.10.160.97.0","A"
"120","pmRtpSentOctetsHi.10.160.99.0","A"
"121","pmRtpReceivedDscpCongPackets.10.160.4.0","A"
"122","pmRtpReceivedDscpCongPackets.10.160.99.0","A"
"123","pmNrOfSentIpbcpRejectMsg.VMGW_CALIS2Z","A"
"124","pmIfStatsIpInReceives.CTRL-4_Nb","D"
"125","pmNrOfTermNbInit","A"
"126","pmIfStatsIpInHdrErrors.CTRL-25_IUA_B","D"
"127","pmRtpReceivedPktsHi.10.160.4.0","O"
"128","pmRtpReceivedDscpCongPackets.10.160.39.0","A"
"129","pmIpCnConnMeasuredJitter0.1","A"
"130","pmRtpDiscardedPkts.10.160.99.0","A"
"131","pmRtpDiscardedPkts.10.160.100.0","A"
"132","pmRtpReceivedOctetsLo.10.160.77.0","A"
"133","pmRtpReceivedDscpCongPackets.10.160.82.0","A"
"134","pmBusyInstances.JitterHandlingService","G"
"135","pmBusyInstances.MccService","G"
"136","pmRtpSentOctetsLo.10.160.17.0","A"
"137","pmRtpReceivedOctetsHi.10.160.4.0","A"
"138","pmRtpReceivedOctetsHi.10.160.96.0","A"
"139","pmIfStatsIpUnknownProtos.CTRL-25_Nb","D"
"140","pmBusyInstances.EfrService","G"
"141","pmRtpLostPkts.10.160.100.0","A"
"142","pmRtpSentOctetsLo.10.160.97.0","A"
"143","pmNrOfIpTermsReq.VMGW_RAIND2Z","A"
"144","pmNrOfAdmCtrlRejectedConnections.10.160.77.0","A"
"145","pmRtpReceivedPktsLo.10.160.82.0","O"
"146","pmNrOfOrigNbInitFaults.VMGW_RAIND2Z","A"
"147","pmRtpDiscardedPkts.10.160.101.0","A"
"148","pmIfStatsIpAddrErrors.CTRL-4_SS7_A","D"
"149","pmRtpDiscardedPkts.10.160.96.0","A"
"150","pmRtpSentOctetsHi.10.160.57.0","A"
"151","pmRtpSentOctetsHi.10.160.4.0","A"
"152","pmRtpSentOctetsHi.10.160.101.0","A"
"153","pmRtpDiscardedPkts.10.160.72.0","A"
"154","pmRtpReceivedPkts.10.160.39.0","O"
"155","pmRtpReceivedOctetsLo.10.160.82.0","A"
"156","pmRtpReceivedOctetsLo.10.160.72.0","A"
"157","IPBCPestablishSuccessRate.VMGW_CALIS2Z","O"
"158","pmIpInAddrErrors.CTRL-22","D"
"159","IPBCPestablishSuccessRate.VMGW_MEIND2Z","O"
"160","pmIpInDiscards.CTRL-22","D"
"161","IPInDiscards.CTRL-25_SS7_B","O"
"162","pmNrOfContextsRej.VMGW_MEIND2Z","A"
"163","pmIfStatsIpOutRequests.CTRL-25_Nb","D"
"164","pmRtpReceivedOctetsHi.10.160.34.0","A"
"165","RejetsNb.VMGW_CALIS2Z_SPX1","O"
"166","pmRtpReceivedOctetsLo.10.160.34.0","A"
"167","pmRtpDiscardedPkts.10.160.34.0","A"
"168","pmRtpReceivedPkts.10.160.77.0","O"
"169","pmRtpLostPkts.10.160.97.0","A"
"170","pmNrOfRecBctpProtocolFailures.VMGW_MEIND2Z","A"
"171","pmBusyInstances.CsdGsmFaxService","G"
"172","NbIPTermination.VMGW_CALIS2Z","O"
"173","pmRtpReceivedPkts.10.160.34.0","O"
"174","pmRtpReceivedPktsLo.10.160.102.0","O"
"175","pmIfStatsIpInDiscards.CTRL-4_SS7_A","D"
"176","pmRtpReceivedDscpCongPackets.10.160.102.0","A"
"177","pmRtpDiscardedPkts.10.160.98.0","A"
"178","pmRtpDiscardedPkts.10.160.57.0","A"
"179","pmRtpSentPktsHi.10.160.98.0","A"
"180","pmNrOfTermNbInitSucc","A"
"181","IPInDiscards.CTRL-4_Nb","O"
"182","pmRtpSentOctetsLo.10.160.96.0","A"
"183","pmNrOfRejEmcCalls.1","A"
"184","pmRtpReceivedPktsLo.10.160.39.0","O"
"185","pmRtpSentPktsLo.10.160.98.0","A"
"186","ErrorRate.CTRL-4_Nb","O"
"187","IPTerminationSuccessRate.VMGW_MEIND2Z","O"
"188","pmRtpSentOctetsHi.10.160.77.0","A"
"189","pmRtpReceivedPktsHi.10.160.34.0","O"
"190","pmRtpDiscardedPkts.10.160.45.0","A"
"191","pmRtpSentOctetsHi.10.160.100.0","A"
"192","pmNrOfRecIpbcpRejectMsg.VMGW_MEIND2Z","A"
"193","pmRtpSentPktsLo.10.160.101.0","A"
"194","pmRtpReceivedPktsHi.10.160.102.0","O"
"195","IPTerminationSuccessRate.VMGW_CALIS2Z","O"
"196","capacityBusy.csd_digital","G"
"197","PktLoss.10.160.101.0","O"
"198","pmRtpReceivedDscpCongPackets.10.160.77.0","A"
"199","pmRtpReceivedOctetsHi.10.160.77.0","A"
"200","pmRtpReceivedOctetsLo.10.160.45.0","A"
"201","pmRtpReceivedOctetsHi.10.160.72.0","A"
"202","RejetsNb.VMGW_MEIND2Z","O"
"203","pmNrOfTermIpbcpBearSupervTmrExp.VMGW_MEIND2Z","A"
"204","pmRtpReceivedPktsLo.10.160.57.0","O"
"205","pmNrOfRecFaultyIpbcpAcceptMsg.VMGW_MEIND2Z","A"
"206","pmRtpSentOctetsLo.10.160.39.0","A"
"207","IPInDiscards.CTRL-25_Nb","O"
"208","pmIpInDelivers.CTRL-22","D"
"209","capacityBusy.mfd","G"
"210","pmRtpSentPktsHi.10.160.101.0","A"
"211","ErrorRate.CTRL-25_SS7_B","O"
"212","pmRtpReceivedPktsHi.10.160.99.0","O"
"213","pmRtpSentPktsLo.10.160.77.0","A"
"214","pmRtpReceivedDscpCongPackets.10.160.96.0","A"
"215","pmIpCnConnMeasuredJitter2.1","A"
"216","pmRtpSentOctetsLo.10.160.98.0","A"
"217","pmRtpReceivedOctetsHi.10.160.102.0","A"
"218","pmRtpSentOctetsLo.10.160.100.0","A"
"219","RejetsNb.VMGW_RAIND2Z","O"
"220","pmRtpSentOctetsHi.10.160.102.0","A"
"221","pmIfStatsIpOutDiscards.CTRL-4_IUA_A","D"
"222","pmIfStatsIpInHdrErrors.CTRL-25_SS7_B","D"
"223","pmBusyInstances.DtmfReceiverService","G"
"224","pmIfStatsIpInReceives.CTRL-25_Nb","D"
"225","pmRtpSentOctetsLo.10.160.57.0","A"
"226","pmRtpLostPkts.10.160.102.0","A"
"227","pmRtpReceivedOctetsHi.10.160.99.0","A"
"228","pmNrOfSentIpbcpRejectMsg.VMGW_CALIS2Z_SPX1","A"
"229","pmRtpSentPktsHi.10.160.100.0","A"
"230","pmNrOfContextsRej.VMGW_CALIS2Z_SPX1","A"
"231","PktLoss.10.160.4.0","O"
"232","pmIpInHdrErrors.CTRL-22","D"
"233","pmIfStatsIpInHdrErrors.CTRL-4_IUA_A","D"
"234","PktLoss.10.160.34.0","O"
"235","pmRtpSentPktsHi.10.160.99.0","A"
"236","pmRtpDiscardedPkts.10.160.102.0","A"
"237","pmNrOfRecBctpProtocolFailures.VMGW_CALIS2Z","A"
"238","pmRtpReceivedPkts.10.160.101.0","O"
"239","pmRtpReceivedPktsLo.10.160.72.0","O"
"240","pmNrOfOrigNbInitFaults",
"241","pmNrOfOrigIpbcpBearSupervTmrExp.VMGW_CALIS2Z","A"
"242","pmIfStatsIpUnknownProtos.CTRL-4_IUA_A","D"
"243","pmRtpSentOctetsHi.10.160.34.0","A"
"244","pmIpCnConnMeasuredJitter5.1","A"
"245","capacityBusy.csd_fax","G"
"246","pmRtpReceivedPktsLo.10.160.98.0","O"
"247","pmRtpSentPktsHi.10.160.45.0","A"
"248","pmRtpReceivedOctetsLo.10.160.39.0","A"
"249","MediaStreamChannelUtilisationRate.1","O"
"250","pmIfStatsIpOutDiscards.CTRL-4_SS7_A","D"
"251","pmIfStatsIpInHdrErrors.CTRL-25_Nb","D"
"252","pmRtpReceivedPktsHi.10.160.97.0","O"
"253","pmNrOfRecFaultyIpbcpAcceptMsg.VMGW_CALIS2Z_SPX1","A"
"254","pmRtpReceivedPkts.10.160.4.0","O"
"255","pmRtpSentPktsHi.10.160.39.0","A"
"256","pmRtpDiscardedPkts.10.160.77.0","A"
"257","pmNrOfAdmCtrlRejectedConnections.10.160.99.0","A"
"258","pmNrOfAdmCtrlRejectedConnections.10.160.4.0","A"
"259","IPOutDiscards.CTRL-25_Nb","O"
"260","pmIfStatsIpAddrErrors.CTRL-25_SS7_B","D"
"261","pmRtpSentOctetsHi.10.160.17.0","A"
"262","pmNrOfRecFaultyIpbcpAcceptMsg.VMGW_RAIND2Z","A"
"263","pmRtpSentPktsHi.10.160.17.0","A"
"264","pmRtpSentOctetsLo.10.160.102.0","A"
"265","pmNrOfRecIpbcpRejectMsg.VMGW_RAIND2Z","A"
"266","pmNrOfAdmCtrlRejectedConnections.10.160.98.0","A"
"267","pmRtpSentOctetsLo.10.160.45.0","A"
"268","pmRtpReceivedPktsLo.10.160.17.0","O"
"269","pmNrOfContextsRej.VMGW_CALIS2Z","A"
"270","pmNrOfIpTermsBusy.VMGW_MEIND2Z","G"
"271","IPTerminationSuccessRate.VMGW_RAIND2Z","O"
"272","pmRtpReceivedPktsHi.10.160.45.0","O"
"273","NbIPTermination.VMGW_MEIND2Z","O"
"274","pmRtpSentPktsLo.10.160.4.0","A"
"275","pmRtpSentOctetsLo.10.160.77.0","A"
"276","pmRtpLostPkts.10.160.99.0","A"
"277","pmRtpLostPkts.10.160.98.0","A"
"278","pmIfStatsIpUnknownProtos.CTRL-4_Nb","D"
"279","pmRtpSentPktsHi.10.160.57.0","A"
"280","pmRtpSentPktsHi.10.160.82.0","A"
"281","pmRtpSentPktsHi.10.160.4.0","A"
"282","pmRtpReceivedPktsHi.10.160.101.0","O"
"283","IPInDiscards.CTRL-4_SS7_A","O"
"284","pmRtpLostPkts.10.160.17.0","A"
"285","pmNrOfTermIpbcpBearSupervTmrExp.VMGW_CALIS2Z","A"
"286","pmIpInUnknownProtos.CTRL-22","D"
"287","pmIfStatsIpOutRequests.CTRL-4_Nb","D"
"288","pmRtpReceivedPktsLo.10.160.99.0","O"
"289","pmRtpReceivedOctetsLo.10.160.100.0","A"
"290","pmBusyInstances.GsmFrService","G"
"291","pmNrOfIpTermsRej.VMGW_CALIS2Z_SPX1","A"
"292","pmIfStatsIpInDiscards.CTRL-25_SS7_B","D"
"293","pmIfStatsIpInHdrErrors.CTRL-4_Nb","D"
"294","pmRtpSentOctetsLo.10.160.4.0","A"
"295","pmBusyInstances.UpFhService","G"
"296","pmBusyInstances.TfoService","G"
"297","pmRtpReceivedOctetsHi.10.160.45.0","A"
"298","pmNrOfOrigIpbcpBearSupervTmrExp.VMGW_CALIS2Z_SPX1","A"
"299","pmNrOfRecIpbcpConfusedMsg.VMGW_RAIND2Z","A"
"300","pmBusyInstances.CsdModemService","G"
"301","pmNrOfRecIpbcpConfusedMsg.VMGW_CALIS2Z_SPX1","A"
"302","PktLoss.10.160.45.0","O"
"303","pmIfStatsIpUnknownProtos.CTRL-25_SS7_B","D"
"304","pmIfStatsIpAddrErrors.CTRL-25_IUA_B","D"
"305","maxNrOfLicMediaStreamChannels.1","G"
"306","pmNrOfIpTermsReq.VMGW_MEIND2Z","A"
"307","pmRtpDiscardedPkts.10.160.17.0","A"
"308","pmIfStatsIpOutDiscards.CTRL-25_Nb","D"
"309","pmBusyInstances.GttService","G"
"310","pmNrOfAdmCtrlRejectedConnections.10.160.17.0","A"
"311","pmRtpSentPktsLo.10.160.97.0","A"
"312","pmBusyInstances.CsdGsmFhService","G"
"313","pmBusyInstances.NrService","G"
"314","pmBusyInstances.IpEtService","G"
"315","pmRtpLostPkts.10.160.45.0","A"
"316","pmNrOfAdmCtrlRejectedConnections.10.160.101.0","A"
"317","pmIpCnConnMeasuredJitter1.1","A"
"318","pmNrOfOrigNbInitFaults.VMGW_MEIND2Z","A"
"319","pmRtpSentPktsLo.10.160.45.0","A"
"320","pmRtpSentPktsLo.10.160.17.0","A"
"321","pmRtpReceivedPktsLo.10.160.97.0","O"
"322","pmIpOutDiscards.CTRL-22","D"
"323","pmRtpLostPkts.10.160.57.0","A"
"324","ErrorRate.CTRL-4_SS7_A","O"
"325","pmNrOfContextsBusy.VMGW_CALIS2Z_SPX1","G"
"326","capacityBusy.ipet","G"
"327","pmRtpReceivedDscpCongPackets.10.160.45.0","A"
"328","pmBusyInstances.DtmfSenderService","G"
"329","pmRtpSentPktsHi.10.160.102.0","A"
"330","pmRtpSentOctetsHi.10.160.82.0","A"
"331","pmIfStatsIpOutDiscards.CTRL-25_SS7_B","D"
"332","pmRtpDiscardedPkts.10.160.4.0","A"
"333","pmBusyInstances.RtpRtcpService","G"
"334","pmRtpSentPktsHi.10.160.97.0","A"
"335","pmRtpSentOctetsLo.10.160.99.0","A"
"336","pmBusyInstances.GsmHrService","G"
"337","pmNrOfIpTermsRej.VMGW_CALIS2Z","A"
"338","pmNrOfRejsByStaticAdmCtrl.1","A"
"339","pmIpCnConnMeasuredJitter3.1","A"
"340","pmRtpSentPktsLo.10.160.96.0","A"
"341","pmNrOfContextsRej.VMGW_RAIND2Z","A"
"342","pmNrOfAdmCtrlRejectedConnections.10.160.34.0","A"
"343","IPOutDiscards.CTRL-4_Nb","O"
"344","pmNrOfRecIpbcpConfusedMsg.VMGW_CALIS2Z","A"
"345","pmRtpReceivedPktsLo.10.160.101.0","O"
"346","pmNrOfContextsReq.VMGW_CALIS2Z_SPX1","A"
"347","pmRtpReceivedPktsHi.10.160.72.0","O"
"348","pmRtpReceivedPkts.10.160.100.0","O"
"349","pmRtpReceivedPktsLo.10.160.45.0","O"
"350","pmBusyInstances.ImService","G"
"351","pmNrOfTermIpbcpBearSupervTmrExp.VMGW_CALIS2Z_SPX1","A"
"352","pmRtpReceivedPktsLo.10.160.96.0","O"
"353","pmNrOfIpTermsRej.VMGW_RAIND2Z","A"
"354","pmRtpReceivedOctetsLo.10.160.97.0","A"
"355","pmRtpReceivedDscpCongPackets.10.160.100.0","A"
"356","pmNrOfRecIpbcpConfusedMsg.VMGW_MEIND2Z","A"
"357","pmRtpReceivedPkts.10.160.82.0","O"
"358","pmRtpReceivedOctetsHi.10.160.100.0","A"
"359","pmNrOfRecBctpProtocolFailures.VMGW_RAIND2Z","A"
"360","pmNrOfOrigIpbcpBearSupervTmrExp.VMGW_MEIND2Z","A"
"361","pmNrOfRecIpbcpRejectMsg.VMGW_CALIS2Z","A"
"362","IPOutDiscards.CTRL-4_SS7_A","O"
"363","pmRtpSentPktsHi.10.160.96.0","A"
"364","pmRtpReceivedPkts.10.160.102.0","O"
"365","pmRtpReceivedDscpCongPackets.10.160.101.0","A"
"366","ErrorRate.CTRL-25_Nb","O"
"367","pmRtpSentOctetsLo.10.160.101.0","A"
"368","pmRtpReceivedPktsLo.10.160.100.0","O"
"369","pmRtpReceivedPkts.10.160.72.0","O"
"370","pmRtpReceivedOctetsLo.10.160.4.0","A"
"371","pmRtpSentPktsHi.10.160.77.0","A"
"372","pmRtpSentOctetsLo.10.160.82.0","A"
"373","pmRtpLostPkts.10.160.39.0","A"
"374","PktLoss.10.160.100.0","O"
"375","capacityBusy.csd_modem","G"
"376","pmIfStatsIpOutDiscards.CTRL-25_IUA_B","D"
"377","pmNrOfSentIpbcpRejectMsg.VMGW_RAIND2Z","A"
"378","pmNrOfRecBctpProtocolFailures.VMGW_CALIS2Z_SPX1","A"
"379","pmBusyInstances.MpcService","G"
"380","pmRtpSentOctetsHi.10.160.45.0","A"
"381","pmRtpReceivedPkts.10.160.96.0","O"
"382","pmNrOfContextsBusy.VMGW_CALIS2Z","G"
"383","RejetsNb.VMGW_CALIS2Z","O"
"384","pmRtpSentOctetsLo.10.160.72.0","A"
"385","pmIfStatsIpAddrErrors.CTRL-4_IUA_A","D"
"386","pmBusyInstances.CsdDigitalService","G"
"387","pmIfStatsIpOutRequests.CTRL-25_SS7_B","D"
"388","pmNrOfRecIpbcpRejectMsg.VMGW_CALIS2Z_SPX1","A"
"389","pmRtpSentOctetsHi.10.160.97.0","A"
"390","pmRtpReceivedOctetsHi.10.160.98.0","A"
"391","pmIfStatsIpInHdrErrors.CTRL-4_SS7_A","D"
"392","pmRtpReceivedPktsHi.10.160.77.0","O"
"393","pmBusyInstances.EcService","G"
"394","pmRtpReceivedPkts.10.160.57.0","O"
"395","pmNrOfIpTermsBusy.VMGW_CALIS2Z","G"
"396","pmBusyInstances.ContinuityCheckService","G"
"397","pmRtpReceivedPktsHi.10.160.98.0","O"
"398","pmRtpReceivedOctetsLo.10.160.102.0","A"
"399","pmIfStatsIpInReceives.CTRL-4_SS7_A","D"
"400","pmRtpLostPkts.10.160.77.0","A"
"401","PktLoss.10.160.96.0","O"
"402","RTPLoss.10.160.102.0","O"
"403","RTPLoss.10.160.57.0","O"
"404","RTPLoss.10.160.72.0","O"
"405","RTPLoss.10.160.45.0","O"
"406","RTPLoss.10.160.99.0","O"
"407","RTPLoss.10.160.17.0","O"
"408","RTPLoss.10.160.39.0","O"
"409","RTPLoss.10.160.77.0","O"
"410","RTPLoss.10.160.4.0","O"
"411","RTPLoss.10.160.34.0","O"
"412","RTPLoss.10.160.98.0","O"
"413","RTPLoss.10.160.101.0","O"
"414","RTPLoss.10.160.96.0","O"
"415","RTPLoss.10.160.100.0","O"
"416","RTPLoss.10.160.97.0","O"
"417","pmNoOfMSUSent",
"418","pmNoOfMSUTransmitted",
"419","pmNoOfMSUReceived",
"420","pmNoOfMSURec",
"421","pmNoOfMSUReceived.FEIND4R_MTP2TPITU_2","A"
"422","pmNoOfMSUTransmitted.FEIND4R_MTP2TPITU_3","A"
"423","pmNoOfMSUReceived.FEIND4R_MTP2TPITU_1","A"
"424","pmNoOfMSUTransmitted.FEIND4R_MTP2TPITU_0","A"
"425","pmNoOfMSUTransmitted.FEIND4R_MTP2TPITU_1","A"
"426","pmNoOfMSUReceived.FEIND4R_MTP2TPITU_0","A"
"427","pmNoOfMSUTransmitted.FEIND4R_MTP2TPITU_2","A"
"428","pmNoOfMSUReceived.FEIND4R_MTP2TPITU_3","A"
"429","pmUnsuccSeizures.UpFhService","A"
"430","pmUnsuccSeizures.RtpRtcpService","A"
"431","pmUnsuccSeizures.TfoService","A"
"432","pmUnsuccSeizures.GsmFrService","A"
"433","pmUnsuccSeizures.DtmfSenderService","A"
"434","pmUnsuccSeizures.AmrService","A"
"435","pmUnsuccSeizures.ToneSenderService","A"
"436","pmUnsuccSeizures.CsdGsmFhService","A"
"437","pmUnsuccSeizures.EfrService","A"
"438","pmUnsuccSeizures.JitterHandlingService","A"
"439","pmUnsuccSeizures.IpEtService","A"
"440","pmUnsuccSeizures.CsdGsmFaxService","A"
"441","pmUnsuccSeizures.AmrWbService","A"
"442","pmUnsuccSeizures.GsmHrService","A"
"443","pmUnsuccSeizures.ContinuityCheckService","A"
"444","pmUnsuccSeizures.G729Service","A"
"445","pmUnsuccSeizures.ImService","A"
"446","pmUnsuccSeizures.MpcService","A"
"447","pmUnsuccSeizures.PcmService","A"
"448","pmUnsuccSeizures.MccService","A"
"449","pmUnsuccSeizures.NrService","A"
"450","pmUnsuccSeizures.CsdDigitalService","A"
"451","pmUnsuccSeizures.CsdModemService","A"
"452","pmUnsuccSeizures.GttService","A"
"453","pmUnsuccSeizures.DtmfReceiverService","A"
"454","pmUnsuccSeizures.EcService","A"
"455","pmProcessorLoad.1","G"
"456","pmProcessorLoad.MAIN-5","G"
"457","pmProcessorLoad.MSE1-13","G"
"458","pmProcessorLoad.MSE1-27","G"
"459","pmProcessorLoad.MSE1-28","G"
"460","pmProcessorLoad.CTRL-20","G"
"461","pmProcessorLoad.MAIN-8","G"
"462","pmProcessorLoad.MSE2-1","G"
"463","pmProcessorLoad.MAIN-9","G"
"464","pmProcessorLoad.MAIN-18","G"
"465","pmProcessorLoad.CTRL-22","G"
"466","pmProcessorLoad.MAIN-21","G"
"467","pmProcessorLoad.CTRL-5","G"
"468","pmProcessorLoad.MSE1-7","G"
"469","pmProcessorLoad.MAIN-20","G"
"470","pmProcessorLoad.MSE1-5","G"
"471","pmProcessorLoad.MAIN-7","G"
"472","pmProcessorLoad.MSE2-24","G"
"473","pmProcessorLoad.MSE2-12","G"
"474","pmProcessorLoad.MSE1-15","G"
"475","pmProcessorLoad.MAIN-28","G"
"476","pmProcessorLoad.CTRL-4","G"
"477","pmProcessorLoad.CTRL-25","G"
"478","pmProcessorLoad.MSE1-4","G"
"479","pmProcessorLoad.MSE1-18","G"
"480","pmProcessorLoad.MAIN-4","G"
"481","pmProcessorLoad.MAIN-27","G"
"482","pmProcessorLoad.MSE2-27","G"
"483","pmProcessorLoad.MAIN-25","G"
"484","pmProcessorLoad.MAIN-10","G"
"485","pmProcessorLoad.CTRL-1","G"
"486","pmProcessorLoad.MSE2-2","G"
"487","pmProcessorLoad.MSE2-28","G"
"488","pmProcessorLoad.MSE1-12","G"
"489","pmProcessorLoad.CTRL-11","G"
"490","pmProcessorLoad.MSE2-25","G"
"491","pmProcessorLoad.MAIN-6","G"
"492","pmProcessorLoad.MSE1-3","G"
"493","pmProcessorLoad.MSE2-26","G"
"494","pmProcessorLoad.MAIN-2","G"
"495","pmProcessorLoad.MSE2-16","G"
"496","pmProcessorLoad.MSE1-2","G"
"497","pmProcessorLoad.MSE1-24","G"
"498","pmProcessorLoad.MSE1-23","G"
"499","pmProcessorLoad.MSE1-10","G"
"500","pmProcessorLoad.CTRL-3","G"
"501","pmProcessorLoad.MSE1-1","G"
"502","pmProcessorLoad.MSE1-16","G"
"503","pmProcessorLoad.CTRL-24","G"
"504","pmProcessorLoad.MAIN-19","G"
"505","pmProcessorLoad.MSE1-11","G"
"506","pmProcessorLoad.CTRL-28","G"
"507","pmProcessorLoad.MAIN-1","G"
"508","pmProcessorLoad.MAIN-24","G"
"509","pmProcessorLoad.MSE2-15","G"
"510","pmProcessorLoad.MSE2-13","G"
"511","pmProcessorLoad.CTRL-2","G"
"512","pmProcessorLoad.CTRL-26","G"
"513","pmProcessorLoad.MSE2-3","G"
"514","pmProcessorLoad.MSE1-26","G"
"515","pmProcessorLoad.MSE1-14","G"
"516","pmProcessorLoad.MAIN-23","G"
"517","pmProcessorLoad.MSE2-14","G"
"518","pmProcessorLoad.MSE1-25","G"
"519","pmProcessorLoad.MSE1-17","G"
"520","pmProcessorLoad.MSE1-6","G"
"521","pmProcessorLoad.MAIN-22","G"
"522","pmProcessorLoad.CTRL-27","G"
"523","pmNrOfMediaStreamChannelsReq.1","A"
"524","pmNrOfMediaStreamChannelsRejectedDueToCapacity.1","A"
"525","pmNrOfAal2TermsRej.VMGW_MEIND2Z","A"
"526","pmNrOfAal2TermsRej.VMGW_CALIS2Z_SPX1","A"
"527","pmNrOfAal2TermsRej.VMGW_CALIS2Z","A"
"528","pmNrOfAal2TermsReq.VMGW_MEIND2Z","A"
"529","pmNrOfAal2TermsReq.VMGW_RAIND2Z","A"
"530","pmNrOfAal2TermsReq.VMGW_CALIS2Z_SPX1","A"
"531","pmNrOfAal2TermsReq.VMGW_CALIS2Z","A"
"532","pmNrOfAal2TermsRej.VMGW_RAIND2Z","A"
"533","pmAvMedStreamChanSetUpRate.1","G"
"534","csrs1","O"
"535","traffic_load1","O"
"536","traffic_load.1","O"
"537","csrs.1","O"
"538","pmNrOfGcpNotifySpeechFaultAEst.VMGW_RAIND2Z","A"
"539","pmNrOfGcpNotifyCsdFaultAEst.VMGW_RAIND2Z","A"
"540","pmNrOfGcpNotifySpeechFaultAEst.VMGW_CALIS2Z_SPX1","A"
"541","pmNrOfGcpNotifySpeechFaultAEst.VMGW_MEIND2Z","A"
"542","pmNrOfGcpNotifyCsdFaultAEst.VMGW_MEIND2Z","A"
"543","pmNrOfGcpNotifySpeechFaultAEst.VMGW_CALIS2Z","A"
"544","pmNrOfGcpNotifyCsdFaultAEst.VMGW_CALIS2Z_SPX1","A"
"545","pmNrOfGcpNotifyCsdFaultAEst.VMGW_CALIS2Z","A"
"546","pmAverageBwAmrNbPtime20.1","G"
"547","pmAverageBwGsmHrAoipPtime20.1","G"
"548","pmAverageBwAmrWbNbPtime20.1","G"
"549","pmAverageBwAmrVoipPtime20.1","G"
"550","pmAverageBwAmrAoipPtime20.1","G"
"551","pmAverageBwGsmHrNbPtime20.1","G"
"552","pmAverageBwG729Ptime20.1","G"
"553","pmAverageBwEfrAoipPtime20.1","G"
"554","pmAverageBwEfrNbPtime20.1","G"
"555","PktLoss.10.160.82.0","O"
"556","pmProcessorLoad.MSE2-5","G"
"557","pmProcessorLoad.MSE2-4","G"
"558","pmProcessorLoad.CTRL-6","G"
"559","pmIfStatsIpInHdrErrors.CTRL-6_Nb","D"
"560","pmIfStatsIpAddrErrors.CTRL-6_Nb","D"
"561","IPInDiscards.CTRL-6_Nb","O"
"562","ErrorRate.CTRL-6_Nb","O"
"563","pmIfStatsIpInReceives.CTRL-6_Nb","D"
"564","pmIfStatsIpInDiscards.CTRL-6_Nb","D"
"565","IPOutDiscards.CTRL-6_Nb","O"
"566","pmIfStatsIpUnknownProtos.CTRL-6_Nb","D"
"567","pmIfStatsIpOutRequests.CTRL-6_Nb","D"
"568","pmIfStatsIpOutDiscards.CTRL-6_Nb","D"
"569","pmProcessorLoad.CTRL-13","G"
"570","pmProcessorLoad.CTRL-16","G"
"571","RTPLoss.10.160.82.0","O"
"572","capacityBusy.t38_fax","G"
"573","pmNoOfMSUTransmitted.IAM2752_MTP2TPITU_1","A"
"574","pmNoOfMSUReceived.IAM2752_MTP2TPITU_1","A"
"575","pmNoOfMSUReceived.IAM2752_MTP2TPITU_0","A"
"576","pmNoOfMSUTransmitted.IAM2752_MTP2TPITU_0","A"
"577","pmNoOfMSUReceived.IAM2761_MTP2TPITU_0","A"
"578","pmNoOfMSUReceived.IAM2761_MTP2TPITU_1","A"
"579","pmNoOfMSUTransmitted.IAM2761_MTP2TPITU_0","A"
"580","pmNoOfMSUTransmitted.IAM2761_MTP2TPITU_1","A"
"581","pmNoOfMSUReceived.IAM2761_MTP2TPITU_3","A"
"582","pmNoOfMSUReceived.IAM2761_MTP2TPITU_2","A"
"583","pmNoOfMSUTransmitted.IAM2761_MTP2TPITU_2","A"
"584","pmNoOfMSUTransmitted.IAM2761_MTP2TPITU_3","A"
"585","pmNoOfMSUTransmitted.IAM2752_MTP2TPITU_2","A"
"586","pmNoOfMSUReceived.IAM2752_MTP2TPITU_2","A"
"587","pmCallsWithRtpPacketLoss0.10.160.96.0","A"
"588","pmConnLatePktsRatio6.10.160.34.0","O"
"589","pmConnLatePktsRatio4.10.160.101.0","O"
"590","pmConnLatePktsRatio5.10.160.77.0","O"
"591","pmConnLatePktsRatio1.10.160.57.0","O"
"592","pmCallsWithRtpPacketLoss4.10.160.101.0","A"
"593","pmCallsWithRtpPacketLoss0.10.160.77.0","A"
"594","pmCallsWithRtpPacketLoss2.10.160.4.0","A"
"595","pmConnLatePktsRatio0.10.160.98.0","O"
"596","pmConnLatePktsRatio6.10.160.97.0","O"
"597","pmConnLatePktsRatio2.10.160.17.0","O"
"598","pmCallsWithRtpPacketLoss4.10.160.82.0","A"
"599","pmConnLatePktsRatio6.10.160.101.0","O"
"600","pmCallsWithRtpPacketLoss5.10.160.97.0","A"
"601","pmConnLatePktsRatio4.10.160.39.0","O"
"602","pmCallsWithRtpPacketLoss6.10.160.77.0","A"
"603","pmCallsWithRtpPacketLoss4.10.160.97.0","A"
"604","pmCallsWithRtpPacketLoss5.10.160.39.0","A"
"605","pmConnLatePktsRatio5.10.160.45.0","O"
"606","pmCallsWithRtpPacketLoss3.10.160.77.0","A"
"607","pmCallsWithRtpPacketLoss1.10.160.45.0","A"
"608","pmConnLatePktsRatio5.10.160.100.0","O"
"609","pmConnLatePktsRatio2.10.160.34.0","O"
"610","pmCallsWithRtpPacketLoss2.10.160.72.0","A"
"611","pmCallsWithRtpPacketLoss5.10.160.99.0","A"
"612","pmConnLatePktsRatio3.10.160.100.0","O"
"613","pmConnLatePktsRatio0.10.160.34.0","O"
"614","pmConnLatePktsRatio1.10.160.96.0","O"
"615","pmCallsWithRtpPacketLoss4.10.160.45.0","A"
"616","pmConnLatePktsRatio0.10.160.17.0","O"
"617","pmCallsWithRtpPacketLoss5.10.160.98.0","A"
"618","pmCallsWithRtpPacketLoss0.10.160.17.0","A"
"619","pmCallsWithRtpPacketLoss2.10.160.45.0","A"
"620","pmConnLatePktsRatio3.10.160.34.0","O"
"621","pmConnLatePktsRatio3.10.160.101.0","O"
"622","pmCallsWithRtpPacketLoss3.10.160.4.0","A"
"623","pmConnLatePktsRatio0.10.160.97.0","O"
"624","pmCallsWithRtpPacketLoss6.10.160.99.0","A"
"625","pmConnLatePktsRatio5.10.160.17.0","O"
"626","pmCallsWithRtpPacketLoss3.10.160.97.0","A"
"627","pmConnLatePktsRatio0.10.160.82.0","O"
"628","pmConnLatePktsRatio3.10.160.4.0","O"
"629","pmCallsWithRtpPacketLoss0.10.160.99.0","A"
"630","pmConnLatePktsRatio2.10.160.101.0","O"
"631","pmConnLatePktsRatio0.10.160.102.0","O"
"632","pmCallsWithRtpPacketLoss4.10.160.96.0","A"
"633","pmConnLatePktsRatio3.10.160.97.0","O"
"634","pmConnLatePktsRatio0.10.160.72.0","O"
"635","pmConnLatePktsRatio6.10.160.57.0","O"
"636","pmConnLatePktsRatio6.10.160.39.0","O"
"637","pmConnLatePktsRatio3.10.160.96.0","O"
"638","pmConnLatePktsRatio2.10.160.72.0","O"
"639","pmConnLatePktsRatio3.10.160.57.0","O"
"640","pmCallsWithRtpPacketLoss6.10.160.72.0","A"
"641","pmCallsWithRtpPacketLoss1.10.160.82.0","A"
"642","pmConnLatePktsRatio1.10.160.72.0","O"
"643","pmCallsWithRtpPacketLoss6.10.160.96.0","A"
"644","pmConnLatePktsRatio4.10.160.98.0","O"
"645","pmConnLatePktsRatio1.10.160.77.0","O"
"646","pmConnLatePktsRatio6.10.160.102.0","O"
"647","pmConnLatePktsRatio0.10.160.77.0","O"
"648","pmCallsWithRtpPacketLoss6.10.160.98.0","A"
"649","pmCallsWithRtpPacketLoss6.10.160.102.0","A"
"650","pmConnLatePktsRatio5.10.160.96.0","O"
"651","pmCallsWithRtpPacketLoss0.10.160.101.0","A"
"652","pmCallsWithRtpPacketLoss0.10.160.102.0","A"
"653","pmConnLatePktsRatio1.10.160.17.0","O"
"654","pmCallsWithRtpPacketLoss5.10.160.96.0","A"
"655","pmCallsWithRtpPacketLoss2.10.160.77.0","A"
"656","pmCallsWithRtpPacketLoss2.10.160.96.0","A"
"657","pmCallsWithRtpPacketLoss4.10.160.100.0","A"
"658","pmCallsWithRtpPacketLoss5.10.160.45.0","A"
"659","pmConnLatePktsRatio2.10.160.45.0","O"
"660","pmCallsWithRtpPacketLoss4.10.160.57.0","A"
"661","pmCallsWithRtpPacketLoss0.10.160.98.0","A"
"662","pmConnLatePktsRatio4.10.160.45.0","O"
"663","pmConnLatePktsRatio3.10.160.82.0","O"
"664","pmCallsWithRtpPacketLoss5.10.160.72.0","A"
"665","pmConnLatePktsRatio5.10.160.72.0","O"
"666","pmConnLatePktsRatio0.10.160.99.0","O"
"667","pmConnLatePktsRatio2.10.160.4.0","O"
"668","pmCallsWithRtpPacketLoss6.10.160.45.0","A"
"669","pmCallsWithRtpPacketLoss6.10.160.82.0","A"
"670","pmConnLatePktsRatio5.10.160.57.0","O"
"671","pmConnLatePktsRatio0.10.160.96.0","O"
"672","pmCallsWithRtpPacketLoss3.10.160.98.0","A"
"673","pmConnLatePktsRatio0.10.160.4.0","O"
"674","pmCallsWithRtpPacketLoss5.10.160.34.0","A"
"675","pmConnLatePktsRatio1.10.160.99.0","O"
"676","pmConnLatePktsRatio6.10.160.99.0","O"
"677","pmConnLatePktsRatio1.10.160.98.0","O"
"678","pmCallsWithRtpPacketLoss4.10.160.102.0","A"
"679","pmConnLatePktsRatio2.10.160.96.0","O"
"680","pmCallsWithRtpPacketLoss0.10.160.82.0","A"
"681","pmConnLatePktsRatio2.10.160.57.0","O"
"682","pmConnLatePktsRatio2.10.160.102.0","O"
"683","pmCallsWithRtpPacketLoss6.10.160.4.0","A"
"684","pmConnLatePktsRatio6.10.160.100.0","O"
"685","pmCallsWithRtpPacketLoss1.10.160.102.0","A"
"686","pmConnLatePktsRatio3.10.160.77.0","O"
"687","pmCallsWithRtpPacketLoss1.10.160.96.0","A"
"688","pmCallsWithRtpPacketLoss6.10.160.97.0","A"
"689","pmCallsWithRtpPacketLoss4.10.160.39.0","A"
"690","pmCallsWithRtpPacketLoss5.10.160.102.0","A"
"691","pmConnLatePktsRatio1.10.160.39.0","O"
"692","pmCallsWithRtpPacketLoss0.10.160.4.0","A"
"693","pmCallsWithRtpPacketLoss4.10.160.72.0","A"
"694","pmConnLatePktsRatio4.10.160.96.0","O"
"695","pmCallsWithRtpPacketLoss3.10.160.100.0","A"
"696","pmConnLatePktsRatio6.10.160.98.0","O"
"697","pmCallsWithRtpPacketLoss1.10.160.100.0","A"
"698","pmConnLatePktsRatio4.10.160.17.0","O"
"699","pmConnLatePktsRatio0.10.160.39.0","O"
"700","pmConnLatePktsRatio3.10.160.102.0","O"
"701","pmCallsWithRtpPacketLoss2.10.160.100.0","A"
"702","pmCallsWithRtpPacketLoss6.10.160.34.0","A"
"703","pmConnLatePktsRatio3.10.160.45.0","O"
"704","pmCallsWithRtpPacketLoss0.10.160.57.0","A"
"705","pmConnLatePktsRatio1.10.160.82.0","O"
"706","pmConnLatePktsRatio6.10.160.17.0","O"
"707","pmConnLatePktsRatio2.10.160.98.0","O"
"708","pmConnLatePktsRatio6.10.160.45.0","O"
"709","pmConnLatePktsRatio4.10.160.77.0","O"
"710","pmCallsWithRtpPacketLoss3.10.160.101.0","A"
"711","pmCallsWithRtpPacketLoss1.10.160.97.0","A"
"712","pmCallsWithRtpPacketLoss0.10.160.97.0","A"
"713","pmCallsWithRtpPacketLoss1.10.160.34.0","A"
"714","pmConnLatePktsRatio3.10.160.39.0","O"
"715","pmConnLatePktsRatio1.10.160.45.0","O"
"716","pmCallsWithRtpPacketLoss3.10.160.102.0","A"
"717","pmConnLatePktsRatio4.10.160.99.0","O"
"718","pmConnLatePktsRatio3.10.160.72.0","O"
"719","pmConnLatePktsRatio2.10.160.82.0","O"
"720","pmConnLatePktsRatio6.10.160.72.0","O"
"721","pmCallsWithRtpPacketLoss3.10.160.17.0","A"
"722","pmCallsWithRtpPacketLoss2.10.160.102.0","A"
"723","pmCallsWithRtpPacketLoss0.10.160.72.0","A"
"724","pmConnLatePktsRatio4.10.160.102.0","O"
"725","pmConnLatePktsRatio4.10.160.72.0","O"
"726","pmConnLatePktsRatio2.10.160.99.0","O"
"727","pmConnLatePktsRatio6.10.160.4.0","O"
"728","pmConnLatePktsRatio4.10.160.34.0","O"
"729","pmCallsWithRtpPacketLoss2.10.160.34.0","A"
"730","pmCallsWithRtpPacketLoss4.10.160.77.0","A"
"731","pmCallsWithRtpPacketLoss3.10.160.99.0","A"
"732","pmConnLatePktsRatio4.10.160.4.0","O"
"733","pmCallsWithRtpPacketLoss1.10.160.17.0","A"
"734","pmCallsWithRtpPacketLoss5.10.160.77.0","A"
"735","pmCallsWithRtpPacketLoss1.10.160.98.0","A"
"736","pmCallsWithRtpPacketLoss2.10.160.101.0","A"
"737","pmCallsWithRtpPacketLoss3.10.160.39.0","A"
"738","pmCallsWithRtpPacketLoss3.10.160.57.0","A"
"739","pmConnLatePktsRatio0.10.160.101.0","O"
"740","pmConnLatePktsRatio1.10.160.4.0","O"
"741","pmCallsWithRtpPacketLoss0.10.160.100.0","A"
"742","pmConnLatePktsRatio5.10.160.97.0","O"
"743","pmCallsWithRtpPacketLoss4.10.160.4.0","A"
"744","pmConnLatePktsRatio3.10.160.17.0","O"
"745","pmCallsWithRtpPacketLoss2.10.160.82.0","A"
"746","pmCallsWithRtpPacketLoss3.10.160.72.0","A"
"747","pmCallsWithRtpPacketLoss4.10.160.34.0","A"
"748","pmConnLatePktsRatio2.10.160.100.0","O"
"749","pmConnLatePktsRatio1.10.160.100.0","O"
"750","pmConnLatePktsRatio1.10.160.102.0","O"
"751","pmConnLatePktsRatio3.10.160.98.0","O"
"752","pmCallsWithRtpPacketLoss3.10.160.82.0","A"
"753","pmConnLatePktsRatio2.10.160.97.0","O"
"754","pmCallsWithRtpPacketLoss5.10.160.57.0","A"
"755","pmCallsWithRtpPacketLoss1.10.160.39.0","A"
"756","pmCallsWithRtpPacketLoss3.10.160.34.0","A"
"757","pmConnLatePktsRatio5.10.160.82.0","O"
"758","pmCallsWithRtpPacketLoss1.10.160.4.0","A"
"759","pmCallsWithRtpPacketLoss0.10.160.39.0","A"
"760","pmConnLatePktsRatio5.10.160.98.0","O"
"761","pmCallsWithRtpPacketLoss6.10.160.100.0","A"
"762","pmCallsWithRtpPacketLoss4.10.160.99.0","A"
"763","pmCallsWithRtpPacketLoss3.10.160.96.0","A"
"764","pmCallsWithRtpPacketLoss4.10.160.17.0","A"
"765","pmCallsWithRtpPacketLoss2.10.160.39.0","A"
"766","pmCallsWithRtpPacketLoss6.10.160.57.0","A"
"767","pmConnLatePktsRatio0.10.160.57.0","O"
"768","pmCallsWithRtpPacketLoss5.10.160.100.0","A"
"769","pmCallsWithRtpPacketLoss1.10.160.57.0","A"
"770","pmConnLatePktsRatio1.10.160.97.0","O"
"771","pmCallsWithRtpPacketLoss4.10.160.98.0","A"
"772","pmCallsWithRtpPacketLoss5.10.160.82.0","A"
"773","pmCallsWithRtpPacketLoss5.10.160.4.0","A"
"774","pmConnLatePktsRatio6.10.160.96.0","O"
"775","pmConnLatePktsRatio5.10.160.99.0","O"
"776","pmCallsWithRtpPacketLoss3.10.160.45.0","A"
"777","pmConnLatePktsRatio5.10.160.4.0","O"
"778","pmCallsWithRtpPacketLoss5.10.160.101.0","A"
"779","pmConnLatePktsRatio4.10.160.82.0","O"
"780","pmConnLatePktsRatio6.10.160.82.0","O"
"781","pmConnLatePktsRatio1.10.160.34.0","O"
"782","pmCallsWithRtpPacketLoss0.10.160.34.0","A"
"783","pmCallsWithRtpPacketLoss6.10.160.39.0","A"
"784","pmCallsWithRtpPacketLoss6.10.160.17.0","A"
"785","pmConnLatePktsRatio5.10.160.34.0","O"
"786","pmConnLatePktsRatio0.10.160.45.0","O"
"787","pmCallsWithRtpPacketLoss2.10.160.17.0","A"
"788","pmCallsWithRtpPacketLoss2.10.160.99.0","A"
"789","pmConnLatePktsRatio3.10.160.99.0","O"
"790","pmCallsWithRtpPacketLoss1.10.160.99.0","A"
"791","pmCallsWithRtpPacketLoss5.10.160.17.0","A"
"792","pmConnLatePktsRatio5.10.160.102.0","O"
"793","pmCallsWithRtpPacketLoss0.10.160.45.0","A"
"794","pmCallsWithRtpPacketLoss1.10.160.101.0","A"
"795","pmConnLatePktsRatio4.10.160.97.0","O"
"796","pmCallsWithRtpPacketLoss6.10.160.101.0","A"
"797","pmCallsWithRtpPacketLoss2.10.160.57.0","A"
"798","pmConnLatePktsRatio4.10.160.100.0","O"
"799","pmCallsWithRtpPacketLoss1.10.160.72.0","A"
"800","pmCallsWithRtpPacketLoss2.10.160.98.0","A"
"801","pmCallsWithRtpPacketLoss2.10.160.97.0","A"
"802","pmConnLatePktsRatio0.10.160.100.0","O"
"803","pmConnLatePktsRatio6.10.160.77.0","O"
"804","pmCallsWithRtpPacketLoss1.10.160.77.0","A"
"805","pmConnLatePktsRatio2.10.160.39.0","O"
"806","pmConnLatePktsRatio4.10.160.57.0","O"
"807","pmConnLatePktsRatio5.10.160.101.0","O"
"808","pmConnLatePktsRatio2.10.160.77.0","O"
"809","pmConnLatePktsRatio5.10.160.39.0","O"
"810","pmConnLatePktsRatio1.10.160.101.0","O"
"811","pmRtpOutOfSequencePkts.10.160.45.0","A"
"812","pmRtpOutOfSequencePkts.10.160.57.0","A"
"813","pmRtpOutOfSequencePkts.10.160.102.0","A"
"814","pmRtpOutOfSequencePkts.10.160.101.0","A"
"815","pmRtpOutOfSequencePkts.10.160.100.0","A"
"816","pmRtpOutOfSequencePkts.10.160.97.0","A"
"817","pmRtpOutOfSequencePkts.10.160.98.0","A"
"818","pmRtpOutOfSequencePkts.10.160.77.0","A"
"819","pmRtpOutOfSequencePkts.10.160.96.0","A"
"820","pmRtpOutOfSequencePkts.10.160.39.0","A"
"821","pmRtpOutOfSequencePkts.10.160.72.0","A"
"822","pmRtpOutOfSequencePkts.10.160.82.0","A"
"823","pmRtpOutOfSequencePkts.10.160.34.0","A"
"824","pmRtpOutOfSequencePkts.10.160.99.0","A"
"825","pmRtpOutOfSequencePkts.10.160.17.0","A"
"826","pmRtpOutOfSequencePkts.10.160.4.0","A"
"827","pmConnLatePktsRatio5.10.199.202.0","O"
"828","pmRtpReceivedPktsHi.10.199.202.0","O"
"829","pmCallsWithRtpPacketLoss3.10.199.174.0","A"
"830","PktLoss.10.199.184.0","O"
"831","pmCallsWithRtpPacketLoss1.10.189.54.0","A"
"832","pmRtpReceivedDscpCongPackets.10.189.14.0","A"
"833","pmRtpSentOctetsLo.10.199.34.0","A"
"834","pmConnLatePktsRatio0.10.189.34.0","O"
"835","pmCallsWithRtpPacketLoss5.10.189.34.0","A"
"836","pmRtpReceivedPktsLo.10.199.24.0","O"
"837","pmRtpSentOctetsHi.10.199.44.0","A"
"838","pmRtpSentPktsHi.10.199.234.0","A"
"839","pmCallsWithRtpPacketLoss5.10.199.204.0","A"
"840","pmCallsWithRtpPacketLoss0.10.199.212.0","A"
"841","pmRtpSentOctetsLo.10.189.34.0","A"
"842","pmRtpSentPktsHi.10.199.84.0","A"
"843","pmRtpOutOfSequencePkts.10.199.222.0","A"
"844","pmConnLatePktsRatio1.10.199.24.0","O"
"845","PktLoss.10.199.192.0","O"
"846","pmRtpReceivedPkts.10.199.24.0","O"
"847","pmCallsWithRtpPacketLoss6.10.199.94.0","A"
"848","pmCallsWithRtpPacketLoss1.10.199.144.0","A"
"849","pmRtpReceivedPktsHi.10.199.94.0","O"
"850","pmConnLatePktsRatio5.10.199.74.0","O"
"851","pmConnLatePktsRatio3.10.199.252.0","O"
"852","pmNrOfAdmCtrlRejectedConnections.10.199.54.0","A"
"853","pmRtpReceivedPkts.10.189.4.0","O"
"854","pmConnLatePktsRatio4.10.199.44.0","O"
"855","pmRtpSentPktsHi.10.199.212.0","A"
"856","pmRtpReceivedPktsHi.10.189.44.0","O"
"857","pmRtpSentOctetsLo.10.199.204.0","A"
"858","pmRtpReceivedDscpCongPackets.10.199.64.0","A"
"859","pmNrOfAdmCtrlRejectedConnections.10.199.64.0","A"
"860","pmConnLatePktsRatio6.10.199.174.0","O"
"861","pmConnLatePktsRatio3.10.199.224.0","O"
"862","pmRtpOutOfSequencePkts.10.199.242.0","A"
"863","pmConnLatePktsRatio5.10.199.194.0","O"
"864","pmCallsWithRtpPacketLoss2.10.199.44.0","A"
"865","pmRtpSentOctetsLo.10.199.144.0","A"
"866","pmRtpReceivedDscpCongPackets.10.199.232.0","A"
"867","pmRtpSentPktsHi.10.199.232.0","A"
"868","pmConnLatePktsRatio3.10.199.192.0","O"
"869","pmCallsWithRtpPacketLoss4.10.199.44.0","A"
"870","PktLoss.10.199.64.0","O"
"871","pmCallsWithRtpPacketLoss4.10.199.134.0","A"
"872","pmRtpReceivedOctetsLo.10.199.34.0","A"
"873","pmCallsWithRtpPacketLoss2.10.199.34.0","A"
"874","pmRtpSentOctetsLo.10.199.134.0","A"
"875","pmConnLatePktsRatio5.10.199.204.0","O"
"876","pmCallsWithRtpPacketLoss4.10.189.4.0","A"
"877","pmCallsWithRtpPacketLoss0.10.189.14.0","A"
"878","pmConnLatePktsRatio3.10.199.154.0","O"
"879","pmCallsWithRtpPacketLoss0.10.199.214.0","A"
"880","pmCallsWithRtpPacketLoss4.10.189.54.0","A"
"881","pmRtpReceivedDscpCongPackets.10.199.222.0","A"
"882","pmConnLatePktsRatio1.10.199.54.0","O"
"883","pmCallsWithRtpPacketLoss1.10.199.114.0","A"
"884","pmRtpReceivedDscpCongPackets.10.189.34.0","A"
"885","pmRtpReceivedOctetsHi.10.199.222.0","A"
"886","pmRtpSentOctetsLo.10.189.64.0","A"
"887","pmRtpDiscardedPkts.10.199.64.0","A"
"888","pmRtpDiscardedPkts.10.199.214.0","A"
"889","pmConnLatePktsRatio4.10.199.34.0","O"
"890","pmConnLatePktsRatio3.10.199.74.0","O"
"891","pmRtpReceivedOctetsLo.10.199.222.0","A"
"892","pmRtpSentOctetsHi.10.199.224.0","A"
"893","pmRtpReceivedPktsHi.10.199.154.0","O"
"894","pmRtpOutOfSequencePkts.10.199.34.0","A"
"895","pmRtpReceivedPktsHi.10.199.144.0","O"
"896","pmConnLatePktsRatio4.10.199.144.0","O"
"897","pmConnLatePktsRatio2.10.199.44.0","O"
"898","pmConnLatePktsRatio0.10.199.204.0","O"
"899","pmCallsWithRtpPacketLoss6.10.199.234.0","A"
"900","pmConnLatePktsRatio6.10.189.14.0","O"
"901","pmConnLatePktsRatio4.10.199.154.0","O"
"902","pmConnLatePktsRatio6.10.199.74.0","O"
"903","pmRtpOutOfSequencePkts.10.189.34.0","A"
"904","pmConnLatePktsRatio3.10.189.34.0","O"
"905","pmCallsWithRtpPacketLoss0.10.199.222.0","A"
"906","pmRtpLostPkts.10.199.232.0","A"
"907","pmConnLatePktsRatio1.10.189.44.0","O"
"908","pmConnLatePktsRatio4.10.199.192.0","O"
"909","pmConnLatePktsRatio2.10.199.24.0","O"
"910","pmConnLatePktsRatio5.10.199.24.0","O"
"911","pmRtpReceivedOctetsLo.10.199.74.0","A"
"912","RTPLoss.10.199.222.0","O"
"913","pmRtpDiscardedPkts.10.199.94.0","A"
"914","pmCallsWithRtpPacketLoss6.10.199.34.0","A"
"915","pmConnLatePktsRatio3.10.199.24.0","O"
"916","pmRtpSentOctetsLo.10.199.74.0","A"
"917","pmRtpReceivedDscpCongPackets.10.189.44.0","A"
"918","pmConnLatePktsRatio6.10.199.252.0","O"
"919","pmRtpSentPktsHi.10.189.64.0","A"
"920","pmConnLatePktsRatio4.10.199.94.0","O"
"921","pmRtpSentPktsLo.10.199.184.0","A"
"922","pmRtpReceivedPkts.10.199.94.0","O"
"923","pmConnLatePktsRatio3.10.199.204.0","O"
"924","pmConnLatePktsRatio1.10.199.202.0","O"
"925","pmConnLatePktsRatio4.10.199.252.0","O"
"926","pmRtpReceivedOctetsLo.10.199.174.0","A"
"927","pmRtpReceivedPkts.10.199.224.0","O"
"928","pmRtpReceivedOctetsHi.10.199.242.0","A"
"929","PktLoss.10.189.34.0","O"
"930","pmCallsWithRtpPacketLoss6.10.189.4.0","A"
"931","pmConnLatePktsRatio5.10.199.134.0","O"
"932","pmNrOfAdmCtrlRejectedConnections.10.199.212.0","A"
"933","pmConnLatePktsRatio5.10.199.174.0","O"
"934","pmRtpDiscardedPkts.10.199.234.0","A"
"935","pmCallsWithRtpPacketLoss2.10.189.44.0","A"
"936","pmRtpReceivedOctetsHi.10.199.232.0","A"
"937","pmRtpSentOctetsLo.10.199.212.0","A"
"938","pmConnLatePktsRatio2.10.199.34.0","O"
"939","pmConnLatePktsRatio1.10.199.212.0","O"
"940","pmCallsWithRtpPacketLoss4.10.199.234.0","A"
"941","pmCallsWithRtpPacketLoss2.10.199.174.0","A"
"942","pmConnLatePktsRatio3.10.189.54.0","O"
"943","pmConnLatePktsRatio1.10.199.34.0","O"
"944","pmRtpReceivedPktsLo.10.199.224.0","O"
"945","pmCallsWithRtpPacketLoss0.10.199.134.0","A"
"946","pmRtpSentOctetsLo.10.199.94.0","A"
"947","pmRtpReceivedPktsLo.10.199.114.0","O"
"948","PktLoss.10.199.114.0","O"
"949","pmConnLatePktsRatio2.10.199.114.0","O"
"950","PktLoss.10.189.64.0","O"
"951","pmRtpReceivedPktsLo.10.189.14.0","O"
"952","pmRtpSentPktsLo.10.199.44.0","A"
"953","pmRtpSentOctetsLo.10.189.54.0","A"
"954","pmRtpSentOctetsHi.10.199.94.0","A"
"955","pmRtpOutOfSequencePkts.10.199.184.0","A"
"956","pmRtpSentPktsHi.10.199.94.0","A"
"957","pmRtpLostPkts.10.199.114.0","A"
"958","pmRtpReceivedOctetsLo.10.199.224.0","A"
"959","pmNrOfAdmCtrlRejectedConnections.10.199.252.0","A"
"960","pmNrOfAdmCtrlRejectedConnections.10.189.44.0","A"
"961","pmConnLatePktsRatio3.10.199.174.0","O"
"962","pmRtpReceivedPktsHi.10.199.54.0","O"
"963","pmConnLatePktsRatio2.10.199.232.0","O"
"964","pmConnLatePktsRatio4.10.199.114.0","O"
"965","pmRtpReceivedOctetsHi.10.199.174.0","A"
"966","pmRtpLostPkts.10.199.64.0","A"
"967","pmRtpDiscardedPkts.10.199.202.0","A"
"968","pmCallsWithRtpPacketLoss0.10.199.144.0","A"
"969","pmRtpReceivedPktsLo.10.199.242.0","O"
"970","pmConnLatePktsRatio3.10.199.232.0","O"
"971","pmCallsWithRtpPacketLoss4.10.199.214.0","A"
"972","pmRtpSentPktsLo.10.199.204.0","A"
"973","pmCallsWithRtpPacketLoss1.10.199.224.0","A"
"974","pmRtpReceivedPktsHi.10.199.24.0","O"
"975","pmRtpReceivedOctetsLo.10.189.4.0","A"
"976","pmConnLatePktsRatio5.10.199.34.0","O"
"977","PktLoss.10.199.154.0","O"
"978","pmCallsWithRtpPacketLoss6.10.199.224.0","A"
"979","pmCallsWithRtpPacketLoss6.10.189.44.0","A"
"980","pmRtpReceivedOctetsLo.10.199.232.0","A"
"981","pmCallsWithRtpPacketLoss0.10.199.242.0","A"
"982","pmNrOfAdmCtrlRejectedConnections.10.199.154.0","A"
"983","pmConnLatePktsRatio1.10.199.74.0","O"
"984","pmRtpReceivedPktsLo.10.199.154.0","O"
"985","pmCallsWithRtpPacketLoss1.10.199.232.0","A"
"986","pmConnLatePktsRatio5.10.189.54.0","O"
"987","pmCallsWithRtpPacketLoss3.10.199.224.0","A"
"988","pmNrOfAdmCtrlRejectedConnections.10.199.204.0","A"
"989","PktLoss.10.199.84.0","O"
"990","pmRtpSentPktsLo.10.199.24.0","A"
"991","pmRtpSentOctetsLo.10.189.44.0","A"
"992","pmRtpReceivedPktsHi.10.199.84.0","O"
"993","pmRtpReceivedOctetsLo.10.199.94.0","A"
"994","pmConnLatePktsRatio0.10.199.54.0","O"
"995","pmRtpDiscardedPkts.10.199.144.0","A"
"996","pmConnLatePktsRatio6.10.199.184.0","O"
"997","pmNrOfAdmCtrlRejectedConnections.10.189.34.0","A"
"998","pmConnLatePktsRatio3.10.199.144.0","O"
"999","pmRtpReceivedPktsLo.10.199.74.0","O"
"1000","pmRtpReceivedPktsHi.10.199.64.0","O"
"1001","pmConnLatePktsRatio0.10.189.14.0","O"
"1002","pmRtpReceivedDscpCongPackets.10.199.252.0","A"
"1003","pmCallsWithRtpPacketLoss1.10.199.54.0","A"
"1004","pmRtpSentPktsLo.10.199.222.0","A"
"1005","pmRtpDiscardedPkts.10.189.14.0","A"
"1006","pmConnLatePktsRatio1.10.189.54.0","O"
"1007","pmCallsWithRtpPacketLoss6.10.199.214.0","A"
"1008","pmRtpReceivedPktsHi.10.189.64.0","O"
"1009","pmRtpSentPktsHi.10.199.174.0","A"
"1010","pmCallsWithRtpPacketLoss6.10.199.212.0","A"
"1011","pmRtpDiscardedPkts.10.199.242.0","A"
"1012","pmConnLatePktsRatio6.10.199.194.0","O"
"1013","pmCallsWithRtpPacketLoss6.10.199.204.0","A"
"1014","pmConnLatePktsRatio6.10.189.4.0","O"
"1015","pmRtpReceivedPkts.10.199.202.0","O"
"1016","pmRtpReceivedPktsLo.10.199.232.0","O"
"1017","pmCallsWithRtpPacketLoss3.10.199.202.0","A"
"1018","pmCallsWithRtpPacketLoss6.10.199.144.0","A"
"1019","pmCallsWithRtpPacketLoss5.10.189.44.0","A"
"1020","pmCallsWithRtpPacketLoss2.10.199.74.0","A"
"1021","pmRtpSentOctetsHi.10.189.34.0","A"
"1022","pmRtpReceivedPktsLo.10.189.44.0","O"
"1023","pmCallsWithRtpPacketLoss2.10.199.114.0","A"
"1024","pmCallsWithRtpPacketLoss6.10.189.64.0","A"
"1025","pmConnLatePktsRatio4.10.189.4.0","O"
"1026","pmConnLatePktsRatio3.10.189.4.0","O"
"1027","pmConnLatePktsRatio1.10.199.184.0","O"
"1028","pmConnLatePktsRatio5.10.199.192.0","O"
"1029","pmRtpSentOctetsLo.10.199.222.0","A"
"1030","pmRtpReceivedPktsHi.10.189.54.0","O"
"1031","pmConnLatePktsRatio6.10.199.34.0","O"
"1032","pmCallsWithRtpPacketLoss6.10.199.114.0","A"
"1033","pmRtpDiscardedPkts.10.199.44.0","A"
"1034","pmRtpSentPktsHi.10.199.224.0","A"
"1035","pmRtpReceivedDscpCongPackets.10.189.4.0","A"
"1036","pmRtpSentPktsLo.10.199.174.0","A"
"1037","pmRtpSentOctetsHi.10.199.212.0","A"
"1038","pmRtpReceivedOctetsHi.10.189.14.0","A"
"1039","pmRtpSentPktsLo.10.199.154.0","A"
"1040","pmRtpDiscardedPkts.10.199.232.0","A"
"1041","pmRtpReceivedOctetsHi.10.199.114.0","A"
"1042","pmRtpLostPkts.10.199.242.0","A"
"1043","pmCallsWithRtpPacketLoss4.10.189.44.0","A"
"1044","pmRtpSentOctetsLo.10.199.114.0","A"
"1045","pmRtpSentPktsHi.10.199.192.0","A"
"1046","pmRtpOutOfSequencePkts.10.199.204.0","A"
"1047","pmCallsWithRtpPacketLoss2.10.199.94.0","A"
"1048","pmCallsWithRtpPacketLoss3.10.189.4.0","A"
"1049","pmRtpDiscardedPkts.10.199.154.0","A"
"1050","pmRtpReceivedPkts.10.199.44.0","O"
"1051","pmConnLatePktsRatio3.10.199.84.0","O"
"1052","pmRtpReceivedDscpCongPackets.10.189.64.0","A"
"1053","pmCallsWithRtpPacketLoss1.10.199.24.0","A"
"1054","pmNrOfAdmCtrlRejectedConnections.10.199.242.0","A"
"1055","pmConnLatePktsRatio0.10.199.184.0","O"
"1056","pmRtpReceivedPktsHi.10.199.232.0","O"
"1057","PktLoss.10.199.74.0","O"
"1058","pmCallsWithRtpPacketLoss3.10.199.184.0","A"
"1059","pmNrOfAdmCtrlRejectedConnections.10.199.174.0","A"
"1060","pmConnLatePktsRatio5.10.199.242.0","O"
"1061","pmCallsWithRtpPacketLoss3.10.189.34.0","A"
"1062","pmCallsWithRtpPacketLoss0.10.199.74.0","A"
"1063","pmConnLatePktsRatio1.10.199.242.0","O"
"1064","pmRtpOutOfSequencePkts.10.189.44.0","A"
"1065","PktLoss.10.199.174.0","O"
"1066","pmRtpSentOctetsHi.10.189.64.0","A"
"1067","pmConnLatePktsRatio1.10.199.252.0","O"
"1068","pmRtpSentPktsHi.10.189.44.0","A"
"1069","pmConnLatePktsRatio0.10.199.134.0","O"
"1070","pmRtpReceivedPkts.10.189.34.0","O"
"1071","pmCallsWithRtpPacketLoss4.10.199.34.0","A"
"1072","pmRtpReceivedPktsHi.10.199.204.0","O"
"1073","pmCallsWithRtpPacketLoss5.10.199.234.0","A"
"1074","pmConnLatePktsRatio2.10.189.64.0","O"
"1075","pmCallsWithRtpPacketLoss4.10.199.54.0","A"
"1076","pmCallsWithRtpPacketLoss5.10.199.184.0","A"
"1077","pmRtpReceivedPktsLo.10.199.34.0","O"
"1078","pmConnLatePktsRatio3.10.189.14.0","O"
"1079","pmCallsWithRtpPacketLoss0.10.199.232.0","A"
"1080","pmRtpReceivedOctetsLo.10.199.234.0","A"
"1081","pmRtpDiscardedPkts.10.199.24.0","A"
"1082","pmRtpReceivedPktsLo.10.189.4.0","O"
"1083","pmRtpSentPktsHi.10.199.214.0","A"
"1084","pmRtpReceivedOctetsLo.10.199.114.0","A"
"1085","pmRtpDiscardedPkts.10.199.222.0","A"
"1086","pmCallsWithRtpPacketLoss3.10.199.234.0","A"
"1087","pmCallsWithRtpPacketLoss5.10.199.174.0","A"
"1088","pmRtpSentPktsLo.10.199.242.0","A"
"1089","pmRtpReceivedPktsHi.10.189.34.0","O"
"1090","pmRtpLostPkts.10.199.54.0","A"
"1091","pmCallsWithRtpPacketLoss5.10.189.64.0","A"
"1092","pmConnLatePktsRatio4.10.189.14.0","O"
"1093","pmCallsWithRtpPacketLoss2.10.199.194.0","A"
"1094","pmRtpReceivedPktsLo.10.199.174.0","O"
"1095","RTPLoss.10.199.64.0","O"
"1096","pmRtpSentPktsLo.10.199.144.0","A"
"1097","pmCallsWithRtpPacketLoss2.10.199.224.0","A"
"1098","pmCallsWithRtpPacketLoss1.10.199.234.0","A"
"1099","pmCallsWithRtpPacketLoss4.10.199.242.0","A"
"1100","pmRtpSentOctetsLo.10.199.252.0","A"
"1101","pmCallsWithRtpPacketLoss1.10.199.192.0","A"
"1102","pmConnLatePktsRatio3.10.199.202.0","O"
"1103","PktLoss.10.189.54.0","O"
"1104","pmRtpReceivedOctetsHi.10.199.64.0","A"
"1105","pmCallsWithRtpPacketLoss2.10.189.4.0","A"
"1106","pmCallsWithRtpPacketLoss2.10.199.192.0","A"
"1107","pmCallsWithRtpPacketLoss2.10.199.234.0","A"
"1108","pmRtpReceivedOctetsHi.10.199.194.0","A"
"1109","pmRtpLostPkts.10.199.144.0","A"
"1110","pmCallsWithRtpPacketLoss5.10.199.222.0","A"
"1111","pmConnLatePktsRatio6.10.199.222.0","O"
"1112","pmRtpSentOctetsLo.10.189.14.0","A"
"1113","pmRtpLostPkts.10.199.204.0","A"
"1114","pmConnLatePktsRatio2.10.199.234.0","O"
"1115","pmRtpSentOctetsHi.10.199.114.0","A"
"1116","pmConnLatePktsRatio5.10.199.222.0","O"
"1117","pmRtpLostPkts.10.189.64.0","A"
"1118","pmConnLatePktsRatio0.10.189.64.0","O"
"1119","pmRtpReceivedPktsLo.10.199.44.0","O"
"1120","PktLoss.10.199.202.0","O"
"1121","pmCallsWithRtpPacketLoss0.10.199.202.0","A"
"1122","pmCallsWithRtpPacketLoss1.10.199.74.0","A"
"1123","pmRtpReceivedPktsLo.10.199.204.0","O"
"1124","pmConnLatePktsRatio2.10.189.14.0","O"
"1125","pmRtpOutOfSequencePkts.10.199.232.0","A"
"1126","pmCallsWithRtpPacketLoss1.10.189.14.0","A"
"1127","pmRtpOutOfSequencePkts.10.199.64.0","A"
"1128","pmCallsWithRtpPacketLoss5.10.199.192.0","A"
"1129","pmRtpReceivedOctetsLo.10.189.54.0","A"
"1130","pmRtpLostPkts.10.199.224.0","A"
"1131","pmNrOfAdmCtrlRejectedConnections.10.199.74.0","A"
"1132","pmRtpSentOctetsHi.10.199.234.0","A"
"1133","pmRtpDiscardedPkts.10.189.34.0","A"
"1134","pmCallsWithRtpPacketLoss0.10.189.34.0","A"
"1135","pmConnLatePktsRatio3.10.189.44.0","O"
"1136","pmCallsWithRtpPacketLoss4.10.199.114.0","A"
"1137","pmRtpLostPkts.10.199.84.0","A"
"1138","pmCallsWithRtpPacketLoss0.10.199.34.0","A"
"1139","pmRtpReceivedDscpCongPackets.10.199.114.0","A"
"1140","PktLoss.10.199.194.0","O"
"1141","pmRtpReceivedDscpCongPackets.10.199.202.0","A"
"1142","pmConnLatePktsRatio6.10.189.44.0","O"
"1143","pmConnLatePktsRatio5.10.199.114.0","O"
"1144","pmRtpSentOctetsHi.10.199.24.0","A"
"1145","pmRtpSentOctetsHi.10.199.64.0","A"
"1146","pmConnLatePktsRatio1.10.189.4.0","O"
"1147","pmRtpReceivedOctetsHi.10.199.204.0","A"
"1148","pmConnLatePktsRatio0.10.189.4.0","O"
"1149","pmRtpReceivedPkts.10.199.212.0","O"
"1150","pmConnLatePktsRatio0.10.199.84.0","O"
"1151","pmConnLatePktsRatio5.10.189.64.0","O"
"1152","pmRtpSentPktsLo.10.199.232.0","A"
"1153","pmRtpSentOctetsLo.10.199.214.0","A"
"1154","pmRtpReceivedPktsHi.10.199.192.0","O"
"1155","pmConnLatePktsRatio2.10.189.34.0","O"
"1156","pmConnLatePktsRatio1.10.199.224.0","O"
"1157","pmRtpReceivedOctetsLo.10.199.154.0","A"
"1158","pmRtpReceivedPktsLo.10.199.222.0","O"
"1159","pmConnLatePktsRatio4.10.199.194.0","O"
"1160","pmRtpReceivedOctetsLo.10.199.252.0","A"
"1161","pmConnLatePktsRatio5.10.199.64.0","O"
"1162","pmRtpSentPktsHi.10.189.54.0","A"
"1163","pmRtpLostPkts.10.189.34.0","A"
"1164","pmConnLatePktsRatio4.10.199.134.0","O"
"1165","pmNrOfAdmCtrlRejectedConnections.10.199.144.0","A"
"1166","pmRtpLostPkts.10.189.44.0","A"
"1167","pmConnLatePktsRatio6.10.199.64.0","O"
"1168","pmCallsWithRtpPacketLoss0.10.199.204.0","A"
"1169","pmConnLatePktsRatio5.10.199.44.0","O"
"1170","pmCallsWithRtpPacketLoss3.10.199.232.0","A"
"1171","pmConnLatePktsRatio2.10.199.134.0","O"
"1172","pmNrOfAdmCtrlRejectedConnections.10.199.232.0","A"
"1173","pmRtpLostPkts.10.199.192.0","A"
"1174","pmRtpSentPktsLo.10.189.54.0","A"
"1175","pmCallsWithRtpPacketLoss5.10.189.54.0","A"
"1176","pmCallsWithRtpPacketLoss6.10.199.74.0","A"
"1177","pmRtpSentOctetsHi.10.199.34.0","A"
"1178","pmRtpDiscardedPkts.10.199.184.0","A"
"1179","pmRtpSentOctetsHi.10.189.14.0","A"
"1180","pmNrOfAdmCtrlRejectedConnections.10.199.214.0","A"
"1181","pmCallsWithRtpPacketLoss4.10.189.14.0","A"
"1182","pmCallsWithRtpPacketLoss4.10.199.84.0","A"
"1183","pmConnLatePktsRatio2.10.199.174.0","O"
"1184","pmRtpOutOfSequencePkts.10.199.24.0","A"
"1185","pmRtpReceivedOctetsHi.10.199.184.0","A"
"1186","pmRtpOutOfSequencePkts.10.189.54.0","A"
"1187","pmConnLatePktsRatio5.10.199.154.0","O"
"1188","pmConnLatePktsRatio1.10.199.44.0","O"
"1189","pmRtpOutOfSequencePkts.10.199.144.0","A"
"1190","pmRtpReceivedPktsHi.10.199.194.0","O"
"1191","pmCallsWithRtpPacketLoss3.10.199.252.0","A"
"1192","pmRtpSentPktsHi.10.199.24.0","A"
"1193","pmRtpSentPktsLo.10.199.84.0","A"
"1194","PktLoss.10.199.44.0","O"
"1195","pmCallsWithRtpPacketLoss3.10.199.214.0","A"
"1196","pmCallsWithRtpPacketLoss4.10.199.202.0","A"
"1197","pmCallsWithRtpPacketLoss0.10.189.54.0","A"
"1198","PktLoss.10.199.204.0","O"
"1199","pmRtpSentPktsLo.10.199.202.0","A"
"1200","pmRtpSentOctetsHi.10.189.54.0","A"
"1201","pmCallsWithRtpPacketLoss1.10.189.64.0","A"
"1202","pmRtpDiscardedPkts.10.189.44.0","A"
"1203","pmRtpSentPktsLo.10.199.194.0","A"
"1204","pmConnLatePktsRatio1.10.199.154.0","O"
"1205","pmConnLatePktsRatio0.10.199.214.0","O"
"1206","pmRtpReceivedDscpCongPackets.10.199.242.0","A"
"1207","pmRtpSentOctetsHi.10.199.192.0","A"
"1208","pmConnLatePktsRatio4.10.199.84.0","O"
"1209","pmConnLatePktsRatio4.10.199.214.0","O"
"1210","pmRtpReceivedPkts.10.199.134.0","O"
"1211","pmConnLatePktsRatio2.10.199.222.0","O"
"1212","pmRtpReceivedPktsLo.10.199.202.0","O"
"1213","PktLoss.10.199.222.0","O"
"1214","pmRtpSentPktsHi.10.189.34.0","A"
"1215","pmRtpReceivedPktsLo.10.199.234.0","O"
"1216","pmRtpReceivedPktsLo.10.199.194.0","O"
"1217","pmRtpReceivedPktsHi.10.199.252.0","O"
"1218","pmRtpSentPktsHi.10.199.114.0","A"
"1219","pmConnLatePktsRatio0.10.199.192.0","O"
"1220","pmConnLatePktsRatio4.10.199.54.0","O"
"1221","pmCallsWithRtpPacketLoss1.10.199.94.0","A"
"1222","pmRtpSentPktsHi.10.199.222.0","A"
"1223","pmRtpReceivedPkts.10.199.214.0","O"
"1224","pmRtpReceivedPktsHi.10.199.214.0","O"
"1225","pmRtpReceivedPkts.10.199.232.0","O"
"1226","pmRtpReceivedPkts.10.199.114.0","O"
"1227","pmCallsWithRtpPacketLoss5.10.199.94.0","A"
"1228","pmConnLatePktsRatio1.10.199.234.0","O"
"1229","pmRtpReceivedPktsHi.10.199.242.0","O"
"1230","pmRtpOutOfSequencePkts.10.199.94.0","A"
"1231","pmRtpReceivedOctetsLo.10.189.34.0","A"
"1232","pmCallsWithRtpPacketLoss1.10.199.242.0","A"
"1233","pmNrOfAdmCtrlRejectedConnections.10.199.202.0","A"
"1234","pmConnLatePktsRatio2.10.199.64.0","O"
"1235","pmConnLatePktsRatio0.10.199.174.0","O"
"1236","pmRtpSentOctetsHi.10.199.194.0","A"
"1237","PktLoss.10.199.144.0","O"
"1238","pmRtpSentOctetsLo.10.199.234.0","A"
"1239","pmCallsWithRtpPacketLoss0.10.189.64.0","A"
"1240","pmNrOfAdmCtrlRejectedConnections.10.199.114.0","A"
"1241","pmConnLatePktsRatio1.10.199.64.0","O"
"1242","pmRtpDiscardedPkts.10.189.4.0","A"
"1243","pmCallsWithRtpPacketLoss1.10.199.194.0","A"
"1244","pmRtpSentPktsHi.10.199.252.0","A"
"1245","pmRtpReceivedPktsLo.10.199.214.0","O"
"1246","pmCallsWithRtpPacketLoss3.10.189.14.0","A"
"1247","pmCallsWithRtpPacketLoss6.10.189.54.0","A"
"1248","pmConnLatePktsRatio6.10.199.24.0","O"
"1249","pmConnLatePktsRatio4.10.199.74.0","O"
"1250","pmCallsWithRtpPacketLoss3.10.199.194.0","A"
"1251","pmConnLatePktsRatio4.10.189.34.0","O"
"1252","PktLoss.10.189.4.0","O"
"1253","pmConnLatePktsRatio5.10.189.4.0","O"
"1254","pmRtpSentPktsHi.10.199.154.0","A"
"1255","pmRtpReceivedDscpCongPackets.10.199.212.0","A"
"1256","pmConnLatePktsRatio5.10.199.212.0","O"
"1257","pmRtpReceivedPkts.10.199.222.0","O"
"1258","pmRtpReceivedOctetsLo.10.199.204.0","A"
"1259","pmConnLatePktsRatio4.10.199.212.0","O"
"1260","pmRtpDiscardedPkts.10.199.252.0","A"
"1261","pmCallsWithRtpPacketLoss3.10.199.74.0","A"
"1262","pmCallsWithRtpPacketLoss1.10.189.34.0","A"
"1263","pmCallsWithRtpPacketLoss1.10.199.44.0","A"
"1264","pmRtpReceivedPkts.10.199.74.0","O"
"1265","pmRtpSentOctetsLo.10.199.202.0","A"
"1266","pmConnLatePktsRatio1.10.199.174.0","O"
"1267","pmConnLatePktsRatio6.10.189.54.0","O"
"1268","pmCallsWithRtpPacketLoss2.10.199.24.0","A"
"1269","pmConnLatePktsRatio1.10.199.114.0","O"
"1270","pmRtpReceivedDscpCongPackets.10.199.74.0","A"
"1271","pmRtpReceivedDscpCongPackets.10.199.84.0","A"
"1272","pmCallsWithRtpPacketLoss0.10.199.184.0","A"
"1273","pmCallsWithRtpPacketLoss5.10.199.212.0","A"
"1274","PktLoss.10.189.44.0","O"
"1275","pmConnLatePktsRatio0.10.199.232.0","O"
"1276","pmRtpReceivedOctetsHi.10.199.74.0","A"
"1277","pmCallsWithRtpPacketLoss2.10.199.202.0","A"
"1278","pmCallsWithRtpPacketLoss3.10.199.222.0","A"
"1279","pmConnLatePktsRatio3.10.199.212.0","O"
"1280","pmRtpReceivedPktsLo.10.199.84.0","O"
"1281","pmCallsWithRtpPacketLoss2.10.199.84.0","A"
"1282","pmRtpSentOctetsLo.10.199.184.0","A"
"1283","pmConnLatePktsRatio0.10.199.114.0","O"
"1284","pmCallsWithRtpPacketLoss3.10.199.134.0","A"
"1285","pmCallsWithRtpPacketLoss6.10.199.192.0","A"
"1286","pmNrOfAdmCtrlRejectedConnections.10.199.192.0","A"
"1287","pmConnLatePktsRatio1.10.199.214.0","O"
"1288","pmRtpSentPktsHi.10.199.34.0","A"
"1289","pmRtpLostPkts.10.199.184.0","A"
"1290","pmRtpSentOctetsLo.10.199.44.0","A"
"1291","pmNrOfAdmCtrlRejectedConnections.10.199.44.0","A"
"1292","pmRtpReceivedPkts.10.199.84.0","O"
"1293","pmRtpReceivedOctetsHi.10.199.154.0","A"
"1294","pmRtpReceivedPktsHi.10.199.74.0","O"
"1295","pmRtpOutOfSequencePkts.10.199.212.0","A"
"1296","pmConnLatePktsRatio0.10.199.194.0","O"
"1297","pmRtpOutOfSequencePkts.10.199.194.0","A"
"1298","pmRtpReceivedOctetsHi.10.199.224.0","A"
"1299","PktLoss.10.199.212.0","O"
"1300","pmRtpReceivedDscpCongPackets.10.199.192.0","A"
"1301","pmRtpReceivedOctetsLo.10.199.242.0","A"
"1302","pmRtpSentOctetsLo.10.199.232.0","A"
"1303","pmRtpDiscardedPkts.10.189.54.0","A"
"1304","pmRtpReceivedOctetsHi.10.199.24.0","A"
"1305","pmRtpDiscardedPkts.10.199.134.0","A"
"1306","pmRtpReceivedDscpCongPackets.10.199.204.0","A"
"1307","pmCallsWithRtpPacketLoss0.10.199.94.0","A"
"1308","pmRtpReceivedOctetsLo.10.199.184.0","A"
"1309","pmCallsWithRtpPacketLoss5.10.199.154.0","A"
"1310","pmRtpReceivedPktsLo.10.189.54.0","O"
"1311","pmNrOfAdmCtrlRejectedConnections.10.199.94.0","A"
"1312","pmRtpSentOctetsLo.10.199.154.0","A"
"1313","pmConnLatePktsRatio1.10.199.144.0","O"
"1314","pmRtpReceivedPktsHi.10.199.234.0","O"
"1315","pmRtpDiscardedPkts.10.189.64.0","A"
"1316","PktLoss.10.199.242.0","O"
"1317","pmCallsWithRtpPacketLoss4.10.199.194.0","A"
"1318","pmRtpReceivedDscpCongPackets.10.199.94.0","A"
"1319","pmRtpReceivedPktsLo.10.189.34.0","O"
"1320","pmCallsWithRtpPacketLoss3.10.189.54.0","A"
"1321","pmConnLatePktsRatio3.10.199.184.0","O"
"1322","pmConnLatePktsRatio2.10.189.54.0","O"
"1323","pmRtpDiscardedPkts.10.199.74.0","A"
"1324","pmRtpReceivedOctetsLo.10.199.212.0","A"
"1325","pmCallsWithRtpPacketLoss5.10.199.44.0","A"
"1326","pmRtpSentOctetsHi.10.199.54.0","A"
"1327","pmConnLatePktsRatio5.10.199.54.0","O"
"1328","pmConnLatePktsRatio0.10.199.212.0","O"
"1329","PktLoss.10.199.232.0","O"
"1330","pmConnLatePktsRatio4.10.199.174.0","O"
"1331","pmConnLatePktsRatio6.10.199.214.0","O"
"1332","pmCallsWithRtpPacketLoss5.10.199.114.0","A"
"1333","pmConnLatePktsRatio0.10.199.222.0","O"
"1334","pmRtpSentPktsLo.10.199.94.0","A"
"1335","pmRtpSentPktsLo.10.199.54.0","A"
"1336","pmCallsWithRtpPacketLoss3.10.199.192.0","A"
"1337","pmRtpDiscardedPkts.10.199.224.0","A"
"1338","pmRtpSentOctetsHi.10.199.232.0","A"
"1339","pmConnLatePktsRatio0.10.199.94.0","O"
"1340","pmCallsWithRtpPacketLoss5.10.199.134.0","A"
"1341","pmRtpSentOctetsHi.10.199.222.0","A"
"1342","pmCallsWithRtpPacketLoss1.10.199.174.0","A"
"1343","pmRtpSentPktsLo.10.199.252.0","A"
"1344","pmRtpReceivedDscpCongPackets.10.199.184.0","A"
"1345","pmConnLatePktsRatio1.10.199.134.0","O"
"1346","pmCallsWithRtpPacketLoss4.10.189.64.0","A"
"1347","pmCallsWithRtpPacketLoss5.10.199.144.0","A"
"1348","pmCallsWithRtpPacketLoss6.10.189.34.0","A"
"1349","pmRtpOutOfSequencePkts.10.199.134.0","A"
"1350","pmCallsWithRtpPacketLoss1.10.199.214.0","A"
"1351","pmConnLatePktsRatio4.10.189.54.0","O"
"1352","pmRtpReceivedPktsLo.10.199.252.0","O"
"1353","pmRtpReceivedPktsLo.10.199.212.0","O"
"1354","pmCallsWithRtpPacketLoss3.10.199.242.0","A"
"1355","pmConnLatePktsRatio6.10.199.154.0","O"
"1356","pmConnLatePktsRatio6.10.199.94.0","O"
"1357","pmConnLatePktsRatio3.10.199.54.0","O"
"1358","pmRtpReceivedPktsLo.10.199.144.0","O"
"1359","pmRtpReceivedDscpCongPackets.10.199.24.0","A"
"1360","pmCallsWithRtpPacketLoss1.10.199.202.0","A"
"1361","pmConnLatePktsRatio6.10.199.232.0","O"
"1362","pmCallsWithRtpPacketLoss1.10.199.64.0","A"
"1363","pmRtpReceivedPkts.10.199.144.0","O"
"1364","pmConnLatePktsRatio3.10.199.234.0","O"
"1365","pmRtpLostPkts.10.199.234.0","A"
"1366","pmCallsWithRtpPacketLoss1.10.199.84.0","A"
"1367","pmConnLatePktsRatio3.10.199.214.0","O"
"1368","pmCallsWithRtpPacketLoss4.10.199.24.0","A"
"1369","pmCallsWithRtpPacketLoss6.10.199.184.0","A"
"1370","pmCallsWithRtpPacketLoss0.10.199.24.0","A"
"1371","pmRtpDiscardedPkts.10.199.114.0","A"
"1372","pmCallsWithRtpPacketLoss4.10.199.252.0","A"
"1373","pmRtpSentPktsLo.10.199.214.0","A"
"1374","pmConnLatePktsRatio1.10.189.64.0","O"
"1375","pmRtpOutOfSequencePkts.10.199.192.0","A"
"1376","pmRtpSentPktsHi.10.189.14.0","A"
"1377","pmRtpSentOctetsLo.10.199.24.0","A"
"1378","pmConnLatePktsRatio2.10.199.144.0","O"
"1379","pmRtpReceivedDscpCongPackets.10.199.44.0","A"
"1380","pmCallsWithRtpPacketLoss6.10.199.54.0","A"
"1381","pmConnLatePktsRatio6.10.199.114.0","O"
"1382","pmCallsWithRtpPacketLoss2.10.189.34.0","A"
"1383","pmCallsWithRtpPacketLoss2.10.199.144.0","A"
"1384","pmRtpReceivedOctetsHi.10.199.44.0","A"
"1385","pmCallsWithRtpPacketLoss5.10.199.194.0","A"
"1386","pmCallsWithRtpPacketLoss0.10.199.192.0","A"
"1387","pmCallsWithRtpPacketLoss1.10.199.212.0","A"
"1388","pmConnLatePktsRatio5.10.199.84.0","O"
"1389","pmRtpOutOfSequencePkts.10.199.174.0","A"
"1390","pmConnLatePktsRatio0.10.199.74.0","O"
"1391","pmRtpReceivedOctetsHi.10.199.94.0","A"
"1392","pmRtpReceivedDscpCongPackets.10.199.224.0","A"
"1393","pmConnLatePktsRatio3.10.199.222.0","O"
"1394","pmConnLatePktsRatio3.10.199.242.0","O"
"1395","pmNrOfAdmCtrlRejectedConnections.10.199.24.0","A"
"1396","pmCallsWithRtpPacketLoss6.10.199.154.0","A"
"1397","pmNrOfAdmCtrlRejectedConnections.10.199.194.0","A"
"1398","pmRtpReceivedPktsHi.10.199.134.0","O"
"1399","pmRtpReceivedPktsHi.10.189.14.0","O"
"1400","pmRtpReceivedOctetsLo.10.199.24.0","A"
"1401","pmCallsWithRtpPacketLoss0.10.199.234.0","A"
"1402","pmConnLatePktsRatio4.10.199.224.0","O"
"1403","pmRtpReceivedPkts.10.199.194.0","O"
"1404","pmRtpReceivedDscpCongPackets.10.199.34.0","A"
"1405","pmRtpReceivedPktsHi.10.199.34.0","O"
"1406","pmCallsWithRtpPacketLoss5.10.189.4.0","A"
"1407","pmRtpReceivedOctetsHi.10.199.252.0","A"
"1408","pmRtpReceivedDscpCongPackets.10.199.54.0","A"
"1409","pmCallsWithRtpPacketLoss2.10.199.232.0","A"
"1410","pmCallsWithRtpPacketLoss4.10.199.204.0","A"
"1411","pmRtpReceivedPktsHi.10.199.174.0","O"
"1412","pmNrOfAdmCtrlRejectedConnections.10.189.14.0","A"
"1413","pmRtpLostPkts.10.199.222.0","A"
"1414","pmRtpReceivedPkts.10.199.204.0","O"
"1415","pmConnLatePktsRatio6.10.189.34.0","O"
"1416","pmRtpSentPktsHi.10.199.194.0","A"
"1417","pmConnLatePktsRatio2.10.199.154.0","O"
"1418","pmRtpLostPkts.10.189.14.0","A"
"1419","pmRtpReceivedPkts.10.189.54.0","O"
"1420","pmRtpReceivedOctetsHi.10.199.192.0","A"
"1421","pmRtpLostPkts.10.199.134.0","A"
"1422","pmConnLatePktsRatio0.10.199.234.0","O"
"1423","pmRtpDiscardedPkts.10.199.192.0","A"
"1424","pmConnLatePktsRatio2.10.199.224.0","O"
"1425","pmConnLatePktsRatio5.10.189.34.0","O"
"1426","pmConnLatePktsRatio5.10.199.224.0","O"
"1427","PktLoss.10.199.134.0","O"
"1428","pmConnLatePktsRatio3.10.199.44.0","O"
"1429","pmRtpReceivedOctetsHi.10.189.64.0","A"
"1430","pmRtpOutOfSequencePkts.10.199.252.0","A"
"1431","pmConnLatePktsRatio5.10.199.214.0","O"
"1432","pmRtpSentOctetsHi.10.199.214.0","A"
"1433","pmRtpLostPkts.10.199.202.0","A"
"1434","pmCallsWithRtpPacketLoss6.10.199.84.0","A"
"1435","pmRtpDiscardedPkts.10.199.212.0","A"
"1436","pmCallsWithRtpPacketLoss5.10.199.214.0","A"
"1437","pmConnLatePktsRatio2.10.199.212.0","O"
"1438","pmRtpSentPktsHi.10.199.144.0","A"
"1439","pmRtpSentPktsLo.10.199.192.0","A"
"1440","pmRtpSentOctetsHi.10.189.4.0","A"
"1441","pmConnLatePktsRatio2.10.199.252.0","O"
"1442","pmRtpReceivedPkts.10.199.242.0","O"
"1443","pmRtpReceivedDscpCongPackets.10.189.54.0","A"
"1444","pmCallsWithRtpPacketLoss0.10.199.54.0","A"
"1445","pmRtpDiscardedPkts.10.199.54.0","A"
"1446","PktLoss.10.189.14.0","O"
"1447","pmConnLatePktsRatio6.10.199.202.0","O"
"1448","pmCallsWithRtpPacketLoss5.10.199.24.0","A"
"1449","pmConnLatePktsRatio1.10.199.222.0","O"
"1450","pmCallsWithRtpPacketLoss4.10.199.144.0","A"
"1451","pmRtpSentPktsLo.10.189.44.0","A"
"1452","PktLoss.10.199.24.0","O"
"1453","pmRtpReceivedPktsLo.10.199.184.0","O"
"1454","pmConnLatePktsRatio1.10.199.192.0","O"
"1455","pmRtpSentPktsLo.10.199.224.0","A"
"1456","pmRtpSentPktsHi.10.199.44.0","A"
"1457","pmConnLatePktsRatio6.10.199.84.0","O"
"1458","pmConnLatePktsRatio2.10.199.202.0","O"
"1459","pmRtpLostPkts.10.199.252.0","A"
"1460","pmRtpLostPkts.10.189.4.0","A"
"1461","pmConnLatePktsRatio2.10.199.242.0","O"
"1462","pmRtpReceivedPktsHi.10.199.212.0","O"
"1463","pmRtpReceivedPktsLo.10.199.134.0","O"
"1464","pmRtpSentOctetsHi.10.199.202.0","A"
"1465","pmConnLatePktsRatio2.10.199.214.0","O"
"1466","pmRtpSentOctetsHi.10.199.252.0","A"
"1467","pmConnLatePktsRatio6.10.199.204.0","O"
"1468","pmRtpLostPkts.10.199.212.0","A"
"1469","pmNrOfAdmCtrlRejectedConnections.10.199.234.0","A"
"1470","pmRtpSentPktsLo.10.199.212.0","A"
"1471","pmCallsWithRtpPacketLoss5.10.199.252.0","A"
"1472","pmCallsWithRtpPacketLoss0.10.199.154.0","A"
"1473","pmCallsWithRtpPacketLoss3.10.199.54.0","A"
"1474","pmRtpLostPkts.10.199.214.0","A"
"1475","pmRtpSentOctetsLo.10.199.64.0","A"
"1476","pmRtpDiscardedPkts.10.199.84.0","A"
"1477","pmCallsWithRtpPacketLoss6.10.199.252.0","A"
"1478","pmCallsWithRtpPacketLoss0.10.189.4.0","A"
"1479","pmCallsWithRtpPacketLoss6.10.199.202.0","A"
"1480","PktLoss.10.199.224.0","O"
"1481","pmRtpSentPktsLo.10.199.114.0","A"
"1482","pmConnLatePktsRatio6.10.199.134.0","O"
"1483","pmConnLatePktsRatio2.10.189.4.0","O"
"1484","pmConnLatePktsRatio4.10.199.24.0","O"
"1485","pmCallsWithRtpPacketLoss4.10.199.192.0","A"
"1486","pmRtpReceivedOctetsLo.10.189.64.0","A"
"1487","pmRtpReceivedPkts.10.199.184.0","O"
"1488","pmConnLatePktsRatio3.10.199.194.0","O"
"1489","pmRtpReceivedPkts.10.199.154.0","O"
"1490","pmCallsWithRtpPacketLoss0.10.199.174.0","A"
"1491","pmRtpReceivedOctetsHi.10.199.214.0","A"
"1492","pmConnLatePktsRatio0.10.189.54.0","O"
"1493","pmCallsWithRtpPacketLoss0.10.189.44.0","A"
"1494","pmRtpReceivedPkts.10.199.34.0","O"
"1495","pmCallsWithRtpPacketLoss6.10.199.242.0","A"
"1496","pmConnLatePktsRatio0.10.199.202.0","O"
"1497","pmCallsWithRtpPacketLoss2.10.199.204.0","A"
"1498","pmCallsWithRtpPacketLoss3.10.199.212.0","A"
"1499","pmRtpReceivedOctetsLo.10.199.54.0","A"
"1500","pmNrOfAdmCtrlRejectedConnections.10.199.134.0","A"
"1501","pmRtpSentOctetsHi.10.199.84.0","A"
"1502","pmCallsWithRtpPacketLoss5.10.199.74.0","A"
"1503","pmRtpOutOfSequencePkts.10.189.64.0","A"
"1504","pmConnLatePktsRatio4.10.199.222.0","O"
"1505","pmConnLatePktsRatio5.10.189.44.0","O"
"1506","pmRtpReceivedOctetsLo.10.199.44.0","A"
"1507","PktLoss.10.199.252.0","O"
"1508","pmConnLatePktsRatio0.10.189.44.0","O"
"1509","pmCallsWithRtpPacketLoss5.10.199.224.0","A"
"1510","pmCallsWithRtpPacketLoss4.10.199.224.0","A"
"1511","pmRtpSentPktsHi.10.199.54.0","A"
"1512","pmRtpReceivedOctetsLo.10.199.194.0","A"
"1513","pmRtpReceivedDscpCongPackets.10.199.154.0","A"
"1514","pmCallsWithRtpPacketLoss1.10.199.222.0","A"
"1515","pmCallsWithRtpPacketLoss5.10.189.14.0","A"
"1516","pmCallsWithRtpPacketLoss1.10.189.44.0","A"
"1517","pmConnLatePktsRatio0.10.199.242.0","O"
"1518","pmCallsWithRtpPacketLoss3.10.189.64.0","A"
"1519","pmCallsWithRtpPacketLoss2.10.189.64.0","A"
"1520","pmConnLatePktsRatio3.10.189.64.0","O"
"1521","pmRtpReceivedOctetsHi.10.199.144.0","A"
"1522","pmConnLatePktsRatio6.10.199.44.0","O"
"1523","pmRtpReceivedPkts.10.199.64.0","O"
"1524","pmCallsWithRtpPacketLoss0.10.199.64.0","A"
"1525","pmConnLatePktsRatio2.10.199.54.0","O"
"1526","pmRtpReceivedPktsLo.10.199.64.0","O"
"1527","pmCallsWithRtpPacketLoss0.10.199.224.0","A"
"1528","pmConnLatePktsRatio5.10.199.144.0","O"
"1529","pmConnLatePktsRatio5.10.199.234.0","O"
"1530","pmConnLatePktsRatio2.10.189.44.0","O"
"1531","pmCallsWithRtpPacketLoss2.10.189.14.0","A"
"1532","PktLoss.10.199.34.0","O"
"1533","pmRtpSentPktsLo.10.189.34.0","A"
"1534","pmRtpSentOctetsHi.10.199.154.0","A"
"1535","pmCallsWithRtpPacketLoss6.10.199.44.0","A"
"1536","pmCallsWithRtpPacketLoss2.10.199.64.0","A"
"1537","pmCallsWithRtpPacketLoss4.10.199.94.0","A"
"1538","pmRtpSentPktsLo.10.199.134.0","A"
"1539","pmRtpSentPktsHi.10.199.204.0","A"
"1540","pmConnLatePktsRatio6.10.189.64.0","O"
"1541","PktLoss.10.199.54.0","O"
"1542","pmRtpLostPkts.10.199.154.0","A"
"1543","pmRtpOutOfSequencePkts.10.199.202.0","A"
"1544","pmNrOfAdmCtrlRejectedConnections.10.199.224.0","A"
"1545","pmConnLatePktsRatio4.10.199.64.0","O"
"1546","pmRtpSentOctetsLo.10.199.194.0","A"
"1547","pmConnLatePktsRatio2.10.199.74.0","O"
"1548","pmRtpReceivedOctetsLo.10.189.14.0","A"
"1549","pmRtpLostPkts.10.199.174.0","A"
"1550","pmNrOfAdmCtrlRejectedConnections.10.189.64.0","A"
"1551","pmRtpDiscardedPkts.10.199.34.0","A"
"1552","pmRtpReceivedOctetsHi.10.189.54.0","A"
"1553","pmCallsWithRtpPacketLoss4.10.199.154.0","A"
"1554","pmConnLatePktsRatio6.10.199.224.0","O"
"1555","pmConnLatePktsRatio3.10.199.114.0","O"
"1556","pmCallsWithRtpPacketLoss4.10.199.184.0","A"
"1557","pmRtpSentOctetsHi.10.199.174.0","A"
"1558","pmCallsWithRtpPacketLoss6.10.189.14.0","A"
"1559","pmConnLatePktsRatio2.10.199.192.0","O"
"1560","pmRtpReceivedDscpCongPackets.10.199.194.0","A"
"1561","pmRtpReceivedOctetsHi.10.199.34.0","A"
"1562","pmConnLatePktsRatio5.10.199.94.0","O"
"1563","pmRtpLostPkts.10.199.34.0","A"
"1564","pmCallsWithRtpPacketLoss2.10.199.252.0","A"
"1565","pmRtpReceivedPktsLo.10.189.64.0","O"
"1566","pmRtpReceivedPktsHi.10.199.184.0","O"
"1567","pmCallsWithRtpPacketLoss5.10.199.232.0","A"
"1568","pmRtpReceivedDscpCongPackets.10.199.214.0","A"
"1569","pmConnLatePktsRatio4.10.199.234.0","O"
"1570","pmRtpSentOctetsLo.10.199.174.0","A"
"1571","pmConnLatePktsRatio2.10.199.194.0","O"
"1572","pmRtpSentPktsLo.10.189.4.0","A"
"1573","pmConnLatePktsRatio0.10.199.34.0","O"
"1574","pmRtpReceivedOctetsHi.10.199.212.0","A"
"1575","pmCallsWithRtpPacketLoss0.10.199.44.0","A"
"1576","pmRtpReceivedPkts.10.199.54.0","O"
"1577","pmRtpReceivedPkts.10.189.64.0","O"
"1578","pmCallsWithRtpPacketLoss2.10.199.184.0","A"
"1579","pmNrOfAdmCtrlRejectedConnections.10.199.84.0","A"
"1580","pmRtpSentPktsHi.10.199.202.0","A"
"1581","pmRtpOutOfSequencePkts.10.199.44.0","A"
"1582","pmRtpReceivedPkts.10.189.14.0","O"
"1583","pmRtpOutOfSequencePkts.10.189.4.0","A"
"1584","pmConnLatePktsRatio3.10.199.64.0","O"
"1585","pmCallsWithRtpPacketLoss2.10.199.222.0","A"
"1586","pmConnLatePktsRatio6.10.199.242.0","O"
"1587","pmRtpSentOctetsHi.10.199.144.0","A"
"1588","pmRtpReceivedOctetsHi.10.199.134.0","A"
"1589","pmRtpSentOctetsLo.10.199.54.0","A"
"1590","pmCallsWithRtpPacketLoss1.10.199.252.0","A"
"1591","pmConnLatePktsRatio6.10.199.212.0","O"
"1592","pmRtpSentPktsHi.10.199.74.0","A"
"1593","pmRtpReceivedOctetsLo.10.199.144.0","A"
"1594","pmCallsWithRtpPacketLoss3.10.199.94.0","A"
"1595","RTPLoss.10.199.114.0","O"
"1596","pmNrOfAdmCtrlRejectedConnections.10.199.222.0","A"
"1597","pmRtpReceivedOctetsHi.10.199.84.0","A"
"1598","pmCallsWithRtpPacketLoss4.10.199.212.0","A"
"1599","pmCallsWithRtpPacketLoss2.10.199.242.0","A"
"1600","pmRtpDiscardedPkts.10.199.194.0","A"
"1601","pmConnLatePktsRatio5.10.199.232.0","O"
"1602","pmRtpReceivedPktsHi.10.199.224.0","O"
"1603","pmConnLatePktsRatio6.10.199.192.0","O"
"1604","pmConnLatePktsRatio0.10.199.154.0","O"
"1605","pmConnLatePktsRatio1.10.189.14.0","O"
"1606","pmRtpOutOfSequencePkts.10.199.224.0","A"
"1607","pmRtpOutOfSequencePkts.10.199.234.0","A"
"1608","pmRtpSentPktsHi.10.199.134.0","A"
"1609","pmCallsWithRtpPacketLoss3.10.199.84.0","A"
"1610","pmCallsWithRtpPacketLoss1.10.189.4.0","A"
"1611","pmCallsWithRtpPacketLoss2.10.199.134.0","A"
"1612","pmRtpSentOctetsLo.10.189.4.0","A"
"1613","pmRtpReceivedOctetsLo.10.199.214.0","A"
"1614","pmCallsWithRtpPacketLoss3.10.199.34.0","A"
"1615","pmRtpSentOctetsLo.10.199.224.0","A"
"1616","pmConnLatePktsRatio1.10.199.94.0","O"
"1617","pmCallsWithRtpPacketLoss4.10.199.74.0","A"
"1618","pmCallsWithRtpPacketLoss3.10.199.64.0","A"
"1619","pmConnLatePktsRatio2.10.199.94.0","O"
"1620","pmCallsWithRtpPacketLoss1.10.199.184.0","A"
"1621","pmRtpOutOfSequencePkts.10.199.74.0","A"
"1622","pmConnLatePktsRatio0.10.199.252.0","O"
"1623","pmConnLatePktsRatio3.10.199.134.0","O"
"1624","pmCallsWithRtpPacketLoss5.10.199.64.0","A"
"1625","pmRtpSentOctetsLo.10.199.84.0","A"
"1626","pmCallsWithRtpPacketLoss2.10.189.54.0","A"
"1627","pmConnLatePktsRatio2.10.199.84.0","O"
"1628","pmConnLatePktsRatio3.10.199.34.0","O"
"1629","pmCallsWithRtpPacketLoss6.10.199.24.0","A"
"1630","pmRtpSentOctetsHi.10.199.204.0","A"
"1631","pmCallsWithRtpPacketLoss0.10.199.252.0","A"
"1632","pmRtpOutOfSequencePkts.10.199.154.0","A"
"1633","pmRtpReceivedOctetsHi.10.189.44.0","A"
"1634","pmCallsWithRtpPacketLoss0.10.199.194.0","A"
"1635","pmRtpReceivedPkts.10.199.192.0","O"
"1636","pmNrOfAdmCtrlRejectedConnections.10.189.54.0","A"
"1637","pmCallsWithRtpPacketLoss3.10.199.44.0","A"
"1638","pmCallsWithRtpPacketLoss5.10.199.242.0","A"
"1639","pmCallsWithRtpPacketLoss1.10.199.134.0","A"
"1640","pmRtpDiscardedPkts.10.199.204.0","A"
"1641","pmRtpSentOctetsHi.10.199.134.0","A"
"1642","pmRtpSentPktsLo.10.189.14.0","A"
"1643","pmCallsWithRtpPacketLoss3.10.189.44.0","A"
"1644","pmCallsWithRtpPacketLoss2.10.199.54.0","A"
"1645","pmRtpOutOfSequencePkts.10.189.14.0","A"
"1646","pmCallsWithRtpPacketLoss3.10.199.144.0","A"
"1647","pmRtpSentPktsHi.10.189.4.0","A"
"1648","pmNrOfAdmCtrlRejectedConnections.10.189.4.0","A"
"1649","pmCallsWithRtpPacketLoss3.10.199.114.0","A"
"1650","pmRtpOutOfSequencePkts.10.199.84.0","A"
"1651","pmConnLatePktsRatio0.10.199.64.0","O"
"1652","pmRtpReceivedPktsLo.10.199.94.0","O"
"1653","pmRtpLostPkts.10.199.74.0","A"
"1654","pmRtpSentPktsHi.10.199.64.0","A"
"1655","pmCallsWithRtpPacketLoss3.10.199.154.0","A"
"1656","pmRtpSentPktsLo.10.199.64.0","A"
"1657","pmRtpReceivedDscpCongPackets.10.199.144.0","A"
"1658","pmCallsWithRtpPacketLoss6.10.199.222.0","A"
"1659","pmRtpOutOfSequencePkts.10.199.54.0","A"
"1660","pmCallsWithRtpPacketLoss5.10.199.34.0","A"
"1661","pmConnLatePktsRatio2.10.199.184.0","O"
"1662","pmRtpReceivedOctetsHi.10.189.34.0","A"
"1663","pmConnLatePktsRatio3.10.199.94.0","O"
"1664","pmCallsWithRtpPacketLoss4.10.199.64.0","A"
"1665","pmConnLatePktsRatio5.10.199.184.0","O"
"1666","PktLoss.10.199.94.0","O"
"1667","pmRtpSentPktsLo.10.189.64.0","A"
"1668","pmRtpSentOctetsHi.10.199.74.0","A"
"1669","pmRtpReceivedPkts.10.199.252.0","O"
"1670","PktLoss.10.199.214.0","O"
"1671","pmCallsWithRtpPacketLoss0.10.199.114.0","A"
"1672","pmConnLatePktsRatio1.10.199.232.0","O"
"1673","pmNrOfAdmCtrlRejectedConnections.10.199.34.0","A"
"1674","pmRtpSentPktsHi.10.199.242.0","A"
"1675","pmCallsWithRtpPacketLoss0.10.199.84.0","A"
"1676","pmRtpReceivedOctetsLo.10.199.192.0","A"
"1677","pmRtpReceivedDscpCongPackets.10.199.134.0","A"
"1678","pmConnLatePktsRatio1.10.199.204.0","O"
"1679","pmConnLatePktsRatio0.10.199.44.0","O"
"1680","pmRtpReceivedPkts.10.199.234.0","O"
"1681","pmRtpSentPktsLo.10.199.74.0","A"
"1682","pmCallsWithRtpPacketLoss4.10.199.222.0","A"
"1683","pmCallsWithRtpPacketLoss4.10.189.34.0","A"
"1684","pmRtpSentOctetsLo.10.199.192.0","A"
"1685","pmCallsWithRtpPacketLoss2.10.199.154.0","A"
"1686","pmConnLatePktsRatio1.10.199.84.0","O"
"1687","pmConnLatePktsRatio4.10.199.242.0","O"
"1688","pmRtpLostPkts.10.199.24.0","A"
"1689","pmCallsWithRtpPacketLoss1.10.199.34.0","A"
"1690","pmConnLatePktsRatio1.10.189.34.0","O"
"1691","pmRtpSentPktsLo.10.199.34.0","A"
"1692","pmRtpReceivedOctetsLo.10.199.202.0","A"
"1693","pmRtpReceivedDscpCongPackets.10.199.174.0","A"
"1694","pmConnLatePktsRatio4.10.199.202.0","O"
"1695","pmRtpSentOctetsHi.10.189.44.0","A"
"1696","pmRtpOutOfSequencePkts.10.199.214.0","A"
"1697","pmCallsWithRtpPacketLoss6.10.199.232.0","A"
"1698","pmConnLatePktsRatio6.10.199.144.0","O"
"1699","pmCallsWithRtpPacketLoss6.10.199.194.0","A"
"1700","pmCallsWithRtpPacketLoss3.10.199.204.0","A"
"1701","pmConnLatePktsRatio4.10.199.204.0","O"
"1702","pmRtpReceivedDscpCongPackets.10.199.234.0","A"
"1703","pmRtpSentPktsHi.10.199.184.0","A"
"1704","pmRtpSentPktsLo.10.199.234.0","A"
"1705","pmConnLatePktsRatio4.10.199.232.0","O"
"1706","pmConnLatePktsRatio5.10.189.14.0","O"
"1707","pmRtpReceivedOctetsLo.10.199.134.0","A"
"1708","pmConnLatePktsRatio1.10.199.194.0","O"
"1709","pmRtpLostPkts.10.199.94.0","A"
"1710","pmCallsWithRtpPacketLoss3.10.199.24.0","A"
"1711","pmRtpReceivedPktsHi.10.199.114.0","O"
"1712","pmConnLatePktsRatio0.10.199.224.0","O"
"1713","pmRtpSentOctetsHi.10.199.184.0","A"
"1714","pmRtpReceivedPktsHi.10.189.4.0","O"
"1715","pmConnLatePktsRatio5.10.199.252.0","O"
"1716","pmCallsWithRtpPacketLoss4.10.199.232.0","A"
"1717","pmRtpReceivedOctetsHi.10.199.54.0","A"
"1718","pmCallsWithRtpPacketLoss6.10.199.174.0","A"
"1719","pmConnLatePktsRatio4.10.199.184.0","O"
"1720","pmConnLatePktsRatio2.10.199.204.0","O"
"1721","RTPLoss.10.189.4.0","O"
"1722","pmRtpReceivedPkts.10.189.44.0","O"
"1723","pmCallsWithRtpPacketLoss4.10.199.174.0","A"
"1724","pmRtpSentOctetsHi.10.199.242.0","A"
"1725","pmRtpReceivedOctetsLo.10.199.84.0","A"
"1726","pmConnLatePktsRatio0.10.199.24.0","O"
"1727","pmCallsWithRtpPacketLoss1.10.199.204.0","A"
"1728","pmRtpOutOfSequencePkts.10.199.114.0","A"
"1729","pmRtpLostPkts.10.189.54.0","A"
"1730","pmConnLatePktsRatio0.10.199.144.0","O"
"1731","pmRtpReceivedPktsHi.10.199.222.0","O"
"1732","pmCallsWithRtpPacketLoss5.10.199.202.0","A"
"1733","pmRtpReceivedOctetsHi.10.199.234.0","A"
"1734","pmConnLatePktsRatio4.10.189.64.0","O"
"1735","pmRtpReceivedPkts.10.199.174.0","O"
"1736","pmRtpReceivedPktsLo.10.199.192.0","O"
"1737","pmRtpReceivedPktsLo.10.199.54.0","O"
"1738","pmRtpReceivedOctetsLo.10.199.64.0","A"
"1739","pmRtpReceivedOctetsHi.10.189.4.0","A"
"1740","pmCallsWithRtpPacketLoss2.10.199.212.0","A"
"1741","pmConnLatePktsRatio6.10.199.54.0","O"
"1742","pmCallsWithRtpPacketLoss6.10.199.134.0","A"
"1743","pmRtpLostPkts.10.199.44.0","A"
"1744","pmCallsWithRtpPacketLoss5.10.199.84.0","A"
"1745","pmCallsWithRtpPacketLoss2.10.199.214.0","A"
"1746","pmCallsWithRtpPacketLoss1.10.199.154.0","A"
"1747","pmConnLatePktsRatio4.10.189.44.0","O"
"1748","pmNrOfAdmCtrlRejectedConnections.10.199.184.0","A"
"1749","pmCallsWithRtpPacketLoss6.10.199.64.0","A"
"1750","pmRtpReceivedOctetsHi.10.199.202.0","A"
"1751","pmCallsWithRtpPacketLoss5.10.199.54.0","A"
"1752","pmRtpReceivedOctetsLo.10.189.44.0","A"
"1753","pmRtpDiscardedPkts.10.199.174.0","A"
"1754","PktLoss.10.199.234.0","O"
"1755","pmRtpReceivedPktsHi.10.199.44.0","O"
"1756","pmRtpLostPkts.10.199.194.0","A"
"1757","pmRtpSentOctetsLo.10.199.242.0","A"
"1758","pmConnLatePktsRatio6.10.199.234.0","O"
"1759","RTPLoss.10.199.174.0","O"
"1760","RTPLoss.10.199.54.0","O"
"1761","RTPLoss.10.199.202.0","O"
"1762","RTPLoss.10.199.252.0","O"
"1763","RTPLoss.10.199.232.0","O"
"1764","RTPLoss.10.199.74.0","O"
"1765","RTPLoss.10.199.134.0","O"
"1766","RTPLoss.10.199.194.0","O"
"1767","RTPLoss.10.199.94.0","O"
"1768","RTPLoss.10.199.242.0","O"
"1769","RTPLoss.10.199.34.0","O"
"1770","RTPLoss.10.199.192.0","O"
"1771","RTPLoss.10.199.212.0","O"
"1772","RTPLoss.10.199.184.0","O"
"1773","RTPLoss.10.199.154.0","O"
"1774","RTPLoss.10.199.84.0","O"
"1775","RTPLoss.10.189.44.0","O"
"1776","RTPLoss.10.189.64.0","O"
"1777","RTPLoss.10.199.24.0","O"
"1778","RTPLoss.10.189.54.0","O"
"1779","RTPLoss.10.199.214.0","O"
"1780","RTPLoss.10.199.204.0","O"
"1781","RTPLoss.10.189.14.0","O"
"1782","RTPLoss.10.199.224.0","O"
"1783","RTPLoss.10.189.34.0","O"
"1784","RTPLoss.10.199.234.0","O"
"1785","RTPLoss.10.199.144.0","O"
"1786","RTPLoss.10.199.44.0","O"
"1787","pmRtpSentOctetsLo.10.189.74.0","A"
"1788","pmCallsWithRtpPacketLoss2.10.189.74.0","A"
"1789","pmConnLatePktsRatio2.10.189.74.0","O"
"1790","pmCallsWithRtpPacketLoss5.10.189.74.0","A"
"1791","pmCallsWithRtpPacketLoss6.10.189.74.0","A"
"1792","pmRtpReceivedDscpCongPackets.10.189.74.0","A"
"1793","pmConnLatePktsRatio0.10.189.74.0","O"
"1794","pmRtpSentOctetsHi.10.189.74.0","A"
"1795","pmRtpReceivedPktsHi.10.189.74.0","O"
"1796","pmRtpReceivedOctetsLo.10.189.74.0","A"
"1797","pmConnLatePktsRatio4.10.189.74.0","O"
"1798","pmRtpReceivedOctetsHi.10.189.74.0","A"
"1799","pmRtpReceivedPkts.10.189.74.0","O"
"1800","pmConnLatePktsRatio1.10.189.74.0","O"
"1801","pmRtpDiscardedPkts.10.189.74.0","A"
"1802","pmRtpSentPktsLo.10.189.74.0","A"
"1803","pmConnLatePktsRatio3.10.189.74.0","O"
"1804","pmCallsWithRtpPacketLoss1.10.189.74.0","A"
"1805","pmConnLatePktsRatio5.10.189.74.0","O"
"1806","pmCallsWithRtpPacketLoss3.10.189.74.0","A"
"1807","pmCallsWithRtpPacketLoss4.10.189.74.0","A"
"1808","pmRtpSentPktsHi.10.189.74.0","A"
"1809","pmConnLatePktsRatio6.10.189.74.0","O"
"1810","pmNrOfAdmCtrlRejectedConnections.10.189.74.0","A"
"1811","pmRtpLostPkts.10.189.74.0","A"
"1812","pmCallsWithRtpPacketLoss0.10.189.74.0","A"
"1813","pmRtpReceivedPktsLo.10.189.74.0","O"
"1814","pmRtpOutOfSequencePkts.10.189.74.0","A"
"1815","PktLoss.10.189.74.0","O"
"1816","RTPLoss.10.189.74.0","O"
"1817","pmConnLatePktsRatio3.10.189.94.0","O"
"1818","pmRtpDiscardedPkts.10.189.94.0","A"
"1819","pmRtpSentOctetsHi.10.189.94.0","A"
"1820","pmCallsWithRtpPacketLoss3.10.189.94.0","A"
"1821","pmRtpReceivedPktsHi.10.189.94.0","O"
"1822","pmCallsWithRtpPacketLoss4.10.189.94.0","A"
"1823","pmCallsWithRtpPacketLoss0.10.189.94.0","A"
"1824","pmConnLatePktsRatio0.10.189.94.0","O"
"1825","pmRtpSentOctetsLo.10.189.94.0","A"
"1826","pmConnLatePktsRatio2.10.189.94.0","O"
"1827","pmRtpSentPktsLo.10.189.94.0","A"
"1828","pmCallsWithRtpPacketLoss2.10.189.94.0","A"
"1829","pmRtpReceivedDscpCongPackets.10.189.94.0","A"
"1830","pmRtpReceivedPkts.10.189.94.0","O"
"1831","pmRtpSentPktsHi.10.189.94.0","A"
"1832","pmCallsWithRtpPacketLoss1.10.189.94.0","A"
"1833","pmRtpReceivedOctetsLo.10.189.94.0","A"
"1834","pmRtpLostPkts.10.189.94.0","A"
"1835","pmConnLatePktsRatio5.10.189.94.0","O"
"1836","pmRtpReceivedPktsLo.10.189.94.0","O"
"1837","pmCallsWithRtpPacketLoss5.10.189.94.0","A"
"1838","pmConnLatePktsRatio4.10.189.94.0","O"
"1839","pmNrOfAdmCtrlRejectedConnections.10.189.94.0","A"
"1840","pmRtpReceivedOctetsHi.10.189.94.0","A"
"1841","pmRtpOutOfSequencePkts.10.189.94.0","A"
"1842","pmCallsWithRtpPacketLoss6.10.189.94.0","A"
"1843","pmConnLatePktsRatio6.10.189.94.0","O"
"1844","pmConnLatePktsRatio1.10.189.94.0","O"
"1845","pmRtpLostPkts.10.189.104.0","A"
"1846","pmCallsWithRtpPacketLoss2.10.189.104.0","A"
"1847","pmRtpSentOctetsLo.10.189.104.0","A"
"1848","pmRtpReceivedDscpCongPackets.10.189.104.0","A"
"1849","pmConnLatePktsRatio1.10.189.104.0","O"
"1850","pmNrOfAdmCtrlRejectedConnections.10.189.104.0","A"
"1851","pmRtpReceivedOctetsHi.10.189.104.0","A"
"1852","pmCallsWithRtpPacketLoss0.10.189.104.0","A"
"1853","pmRtpSentPktsLo.10.189.104.0","A"
"1854","pmRtpReceivedPktsHi.10.189.104.0","O"
"1855","pmConnLatePktsRatio2.10.189.104.0","O"
"1856","pmRtpReceivedPktsLo.10.189.104.0","O"
"1857","pmRtpSentPktsHi.10.189.104.0","A"
"1858","pmRtpSentOctetsHi.10.189.104.0","A"
"1859","pmConnLatePktsRatio5.10.189.104.0","O"
"1860","pmRtpReceivedOctetsLo.10.189.104.0","A"
"1861","pmCallsWithRtpPacketLoss1.10.189.104.0","A"
"1862","pmConnLatePktsRatio6.10.189.104.0","O"
"1863","pmRtpDiscardedPkts.10.189.104.0","A"
"1864","pmCallsWithRtpPacketLoss3.10.189.104.0","A"
"1865","pmConnLatePktsRatio3.10.189.104.0","O"
"1866","pmRtpReceivedPkts.10.189.104.0","O"
"1867","pmCallsWithRtpPacketLoss4.10.189.104.0","A"
"1868","pmConnLatePktsRatio4.10.189.104.0","O"
"1869","pmConnLatePktsRatio0.10.189.104.0","O"
"1870","pmCallsWithRtpPacketLoss5.10.189.104.0","A"
"1871","pmRtpOutOfSequencePkts.10.189.104.0","A"
"1872","pmCallsWithRtpPacketLoss6.10.189.104.0","A"
"1873","PktLoss.10.189.94.0","O"
"1874","PktLoss.10.189.104.0","O"
"1875","RTPLoss.10.189.94.0","O"
"1876","RTPLoss.10.189.104.0","O"
"1877","pmCallsWithRtpPacketLoss4.10.189.84.0","A"
"1878","pmConnLatePktsRatio2.10.189.84.0","O"
"1879","pmCallsWithRtpPacketLoss2.10.189.84.0","A"
"1880","pmConnLatePktsRatio0.10.189.84.0","O"
"1881","pmRtpReceivedPkts.10.189.84.0","O"
"1882","pmRtpOutOfSequencePkts.10.189.84.0","A"
"1883","pmRtpReceivedPktsHi.10.189.84.0","O"
"1884","pmConnLatePktsRatio5.10.189.84.0","O"
"1885","pmNrOfAdmCtrlRejectedConnections.10.189.84.0","A"
"1886","pmCallsWithRtpPacketLoss1.10.189.84.0","A"
"1887","pmConnLatePktsRatio3.10.189.84.0","O"
"1888","pmRtpReceivedDscpCongPackets.10.189.84.0","A"
"1889","pmConnLatePktsRatio4.10.189.84.0","O"
"1890","pmRtpLostPkts.10.189.84.0","A"
"1891","pmRtpSentPktsHi.10.189.84.0","A"
"1892","pmCallsWithRtpPacketLoss3.10.189.84.0","A"
"1893","pmRtpReceivedPktsLo.10.189.84.0","O"
"1894","pmRtpSentOctetsLo.10.189.84.0","A"
"1895","pmRtpDiscardedPkts.10.189.84.0","A"
"1896","pmCallsWithRtpPacketLoss0.10.189.84.0","A"
"1897","pmConnLatePktsRatio1.10.189.84.0","O"
"1898","PktLoss.10.189.84.0","O"
"1899","pmRtpReceivedOctetsLo.10.189.84.0","A"
"1900","pmRtpSentOctetsHi.10.189.84.0","A"
"1901","pmCallsWithRtpPacketLoss5.10.189.84.0","A"
"1902","pmRtpSentPktsLo.10.189.84.0","A"
"1903","pmRtpReceivedOctetsHi.10.189.84.0","A"
"1904","pmConnLatePktsRatio6.10.189.84.0","O"
"1905","pmCallsWithRtpPacketLoss6.10.189.84.0","A"
"1906","RTPLoss.10.189.84.0","O"
"1907","pmConnLatePktsRatio1.10.199.0.0","O"
"1908","pmConnLatePktsRatio5.10.199.0.0","O"
"1909","pmCallsWithRtpPacketLoss6.10.199.0.0","A"
"1910","pmRtpSentPktsHi.10.199.0.0","A"
"1911","pmRtpReceivedOctetsLo.10.199.0.0","A"
"1912","pmConnLatePktsRatio4.10.199.0.0","O"
"1913","pmCallsWithRtpPacketLoss2.10.199.0.0","A"
"1914","pmRtpLostPkts.10.199.0.0","A"
"1915","pmRtpSentOctetsLo.10.199.0.0","A"
"1916","pmRtpSentOctetsHi.10.199.0.0","A"
"1917","pmConnLatePktsRatio0.10.199.0.0","O"
"1918","pmCallsWithRtpPacketLoss5.10.199.0.0","A"
"1919","pmRtpReceivedPktsHi.10.199.0.0","O"
"1920","pmRtpReceivedPkts.10.199.0.0","O"
"1921","pmConnLatePktsRatio2.10.199.0.0","O"
"1922","pmRtpReceivedPktsLo.10.199.0.0","O"
"1923","pmCallsWithRtpPacketLoss0.10.199.0.0","A"
"1924","pmRtpReceivedOctetsHi.10.199.0.0","A"
"1925","pmRtpDiscardedPkts.10.199.0.0","A"
"1926","pmRtpReceivedDscpCongPackets.10.199.0.0","A"
"1927","pmCallsWithRtpPacketLoss1.10.199.0.0","A"
"1928","pmNrOfAdmCtrlRejectedConnections.10.199.0.0","A"
"1929","pmConnLatePktsRatio3.10.199.0.0","O"
"1930","pmRtpSentPktsLo.10.199.0.0","A"
"1931","pmCallsWithRtpPacketLoss4.10.199.0.0","A"
"1932","pmCallsWithRtpPacketLoss3.10.199.0.0","A"
"1933","pmRtpOutOfSequencePkts.10.199.0.0","A"
"1934","pmConnLatePktsRatio6.10.199.0.0","O"
"1935","pmRtpReceivedDscpCongPackets.10.189.114.0","A"
"1936","pmCallsWithRtpPacketLoss3.10.189.114.0","A"
"1937","pmRtpSentPktsLo.10.189.114.0","A"
"1938","pmCallsWithRtpPacketLoss2.10.189.114.0","A"
"1939","pmRtpSentOctetsHi.10.189.114.0","A"
"1940","pmRtpReceivedPktsLo.10.189.114.0","O"
"1941","pmConnLatePktsRatio0.10.189.114.0","O"
"1942","pmConnLatePktsRatio1.10.189.114.0","O"
"1943","pmCallsWithRtpPacketLoss5.10.189.114.0","A"
"1944","pmCallsWithRtpPacketLoss4.10.189.114.0","A"
"1945","pmRtpSentOctetsLo.10.189.114.0","A"
"1946","pmCallsWithRtpPacketLoss0.10.189.114.0","A"
"1947","pmRtpReceivedPktsHi.10.189.114.0","O"
"1948","pmRtpReceivedPkts.10.189.114.0","O"
"1949","PktLoss.10.189.114.0","O"
"1950","pmRtpSentPktsHi.10.189.114.0","A"
"1951","pmRtpDiscardedPkts.10.189.114.0","A"
"1952","pmRtpLostPkts.10.189.114.0","A"
"1953","pmConnLatePktsRatio4.10.189.114.0","O"
"1954","pmRtpOutOfSequencePkts.10.189.114.0","A"
"1955","pmRtpReceivedOctetsHi.10.189.114.0","A"
"1956","pmCallsWithRtpPacketLoss6.10.189.114.0","A"
"1957","pmConnLatePktsRatio6.10.189.114.0","O"
"1958","pmCallsWithRtpPacketLoss1.10.189.114.0","A"
"1959","pmNrOfAdmCtrlRejectedConnections.10.189.114.0","A"
"1960","pmConnLatePktsRatio5.10.189.114.0","O"
"1961","pmConnLatePktsRatio3.10.189.114.0","O"
"1962","pmRtpReceivedOctetsLo.10.189.114.0","A"
"1963","pmConnLatePktsRatio2.10.189.114.0","O"
"1964","RTPLoss.10.189.114.0","O"
"1965","pmConnLatePktsRatio5.10.189.134.0","O"
"1966","pmRtpDiscardedPkts.10.189.134.0","A"
"1967","pmRtpReceivedDscpCongPackets.10.189.134.0","A"
"1968","pmRtpReceivedPktsHi.10.189.134.0","O"
"1969","pmCallsWithRtpPacketLoss2.10.189.134.0","A"
"1970","pmCallsWithRtpPacketLoss5.10.189.134.0","A"
"1971","pmRtpSentOctetsHi.10.189.134.0","A"
"1972","pmConnLatePktsRatio4.10.189.134.0","O"
"1973","pmCallsWithRtpPacketLoss1.10.189.134.0","A"
"1974","pmCallsWithRtpPacketLoss6.10.189.134.0","A"
"1975","pmRtpSentPktsHi.10.189.134.0","A"
"1976","pmConnLatePktsRatio2.10.189.134.0","O"
"1977","pmConnLatePktsRatio3.10.189.134.0","O"
"1978","pmCallsWithRtpPacketLoss4.10.189.134.0","A"
"1979","pmRtpReceivedOctetsLo.10.189.134.0","A"
"1980","pmRtpReceivedOctetsHi.10.189.134.0","A"
"1981","pmNrOfAdmCtrlRejectedConnections.10.189.134.0","A"
"1982","pmRtpReceivedPkts.10.189.134.0","O"
"1983","pmConnLatePktsRatio6.10.189.134.0","O"
"1984","pmRtpOutOfSequencePkts.10.189.134.0","A"
"1985","pmConnLatePktsRatio1.10.189.134.0","O"
"1986","pmRtpSentPktsLo.10.189.134.0","A"
"1987","pmRtpSentOctetsLo.10.189.134.0","A"
"1988","pmRtpReceivedPktsLo.10.189.134.0","O"
"1989","pmCallsWithRtpPacketLoss0.10.189.134.0","A"
"1990","pmRtpLostPkts.10.189.134.0","A"
"1991","pmConnLatePktsRatio0.10.189.134.0","O"
"1992","pmCallsWithRtpPacketLoss3.10.189.134.0","A"
"1993","PktLoss.10.189.134.0","O"
"1994","RTPLoss.10.189.134.0","O"
"1995","pmRtpOutOfSequencePkts.10.189.124.0","A"
"1996","pmRtpReceivedPkts.10.189.124.0","O"
"1997","pmCallsWithRtpPacketLoss1.10.189.124.0","A"
"1998","pmRtpReceivedPktsLo.10.189.124.0","O"
"1999","pmCallsWithRtpPacketLoss5.10.189.124.0","A"
"2000","pmCallsWithRtpPacketLoss4.10.189.124.0","A"
"2001","pmRtpReceivedDscpCongPackets.10.189.124.0","A"
"2002","pmConnLatePktsRatio2.10.189.124.0","O"
"2003","pmCallsWithRtpPacketLoss2.10.189.124.0","A"
"2004","pmConnLatePktsRatio4.10.189.124.0","O"
"2005","pmCallsWithRtpPacketLoss6.10.189.124.0","A"
"2006","pmConnLatePktsRatio0.10.189.124.0","O"
"2007","pmRtpLostPkts.10.189.124.0","A"
"2008","pmRtpReceivedPktsHi.10.189.124.0","O"
"2009","pmConnLatePktsRatio5.10.189.124.0","O"
"2010","pmRtpDiscardedPkts.10.189.124.0","A"
"2011","pmRtpReceivedOctetsLo.10.189.124.0","A"
"2012","pmConnLatePktsRatio3.10.189.124.0","O"
"2013","pmRtpSentOctetsHi.10.189.124.0","A"
"2014","pmCallsWithRtpPacketLoss0.10.189.124.0","A"
"2015","pmConnLatePktsRatio6.10.189.124.0","O"
"2016","pmRtpReceivedOctetsHi.10.189.124.0","A"
"2017","pmNrOfAdmCtrlRejectedConnections.10.189.124.0","A"
"2018","pmConnLatePktsRatio1.10.189.124.0","O"
"2019","pmCallsWithRtpPacketLoss3.10.189.124.0","A"
"2020","pmRtpSentPktsHi.10.189.124.0","A"
"2021","pmRtpSentOctetsLo.10.189.124.0","A"
"2022","pmRtpSentPktsLo.10.189.124.0","A"
"2023","PktLoss.10.189.124.0","O"
"2024","RTPLoss.10.189.124.0","O"
"2025","pmAverageBwAmrVoipPtime20Ipv6",
"2026","pmBusyInstances.VbdService","G"
"2027","pmBusyInstances.EvrcService","G"
"2028","pmBusyInstances.AscService","G"
"2029","pmBusyInstances.EvsService","G"
"2030","pmBusyInstances.G722Service","G"
"2031","pmAverageBwG729Ptime20Ipv6",
"2032","pmAverageBwG722VoipPtime20.1","G"
"2033","maxNrOfLicMediaStreamChannelsVoip.1",
"2034","pmBusyInstances.G719Service","G"
"2035","pmBusyInstances.T38FaxService","G"
"2036","pmAverageBwG722VoipPtime20Ipv6",
"2037","pmBusyInstances.OpusService","G"
"2038","pmUnsuccSeizures.EvrcService","A"
"2039","pmUnsuccSeizures.G719Service","A"
"2040","pmUnsuccSeizures.AscService","A"
"2041","pmUnsuccSeizures.OpusService","A"
"2042","pmUnsuccSeizures.T38FaxService","A"
"2043","pmUnsuccSeizures.EvsService","A"
"2044","pmUnsuccSeizures.VbdService","A"
"2045","pmUnsuccSeizures.G722Service","A"
"2046","pmNoOfHdrErrors","A"
"2047","Pb_IpDatagrams","O"
"2048","pmNoOfIpAddrErrors","A"
"2049","pmNoOfIpOutDiscards","A"
"2050","pmNoOfIpInDiscards","A"
"2051","pmCallsWithRtpPacketLoss0.10.160.","A"
"2052","PktLoss.10.199.0.0","O"
"2053","pmConnLatePktsRatio5.10.189.144.0","O"
"2054","pmRtpReceivedPktsHi.10.189.144.0","O"
"2055","pmCallsWithRtpPacketLoss1.10.189.144.0","A"
"2056","pmCallsWithRtpPacketLoss6.10.189.144.0","A"
"2057","pmNrOfAdmCtrlRejectedConnections.10.189.144.0","A"
"2058","pmRtpSentPktsHi.10.189.144.0","A"
"2059","pmRtpReceivedOctetsHi.10.189.144.0","A"
"2060","pmCallsWithRtpPacketLoss0.10.189.144.0","A"
"2061","pmRtpSentPktsLo.10.189.144.0","A"
"2062","pmRtpLostPkts.10.189.144.0","A"
"2063","pmRtpOutOfSequencePkts.10.189.144.0","A"
"2064","pmCallsWithRtpPacketLoss4.10.189.144.0","A"
"2065","pmRtpSentOctetsLo.10.189.144.0","A"
"2066","pmConnLatePktsRatio6.10.189.144.0","O"
"2067","pmRtpReceivedPktsLo.10.189.144.0","O"
"2068","pmRtpDiscardedPkts.10.189.144.0","A"
"2069","pmRtpReceivedDscpCongPackets.10.189.144.0","A"
"2070","pmConnLatePktsRatio4.10.189.144.0","O"
"2071","pmConnLatePktsRatio3.10.189.144.0","O"
"2072","pmCallsWithRtpPacketLoss3.10.189.144.0","A"
"2073","pmRtpReceivedPkts.10.189.144.0","O"
"2074","pmConnLatePktsRatio0.10.189.144.0","O"
"2075","pmConnLatePktsRatio2.10.189.144.0","O"
"2076","pmCallsWithRtpPacketLoss5.10.189.144.0","A"
"2077","pmCallsWithRtpPacketLoss2.10.189.144.0","A"
"2078","pmRtpSentOctetsHi.10.189.144.0","A"
"2079","pmConnLatePktsRatio1.10.189.144.0","O"
"2080","pmRtpReceivedOctetsLo.10.189.144.0","A"
"2081","PktLoss.10.189.144.0","O"
"2082","pmRtpLostPkts.10.189.164.0","A"
"2083","pmRtpReceivedDscpCongPackets.10.189.164.0","A"
"2084","pmRtpReceivedOctetsHi.10.189.164.0","A"
"2085","pmRtpSentOctetsHi.10.189.164.0","A"
"2086","pmConnLatePktsRatio1.10.189.164.0","O"
"2087","pmCallsWithRtpPacketLoss4.10.189.164.0","A"
"2088","pmRtpSentOctetsLo.10.189.164.0","A"
"2089","pmCallsWithRtpPacketLoss0.10.189.164.0","A"
"2090","pmRtpSentPktsHi.10.189.164.0","A"
"2091","pmConnLatePktsRatio3.10.189.164.0","O"
"2092","pmCallsWithRtpPacketLoss2.10.189.164.0","A"
"2093","pmCallsWithRtpPacketLoss1.10.189.164.0","A"
"2094","pmCallsWithRtpPacketLoss6.10.189.164.0","A"
"2095","pmConnLatePktsRatio0.10.189.164.0","O"
"2096","pmConnLatePktsRatio6.10.189.164.0","O"
"2097","pmRtpDiscardedPkts.10.189.164.0","A"
"2098","pmRtpReceivedPktsHi.10.189.164.0","O"
"2099","pmCallsWithRtpPacketLoss5.10.189.164.0","A"
"2100","pmRtpSentPktsLo.10.189.164.0","A"
"2101","pmRtpOutOfSequencePkts.10.189.164.0","A"
"2102","pmRtpReceivedPktsLo.10.189.164.0","O"
"2103","pmConnLatePktsRatio2.10.189.164.0","O"
"2104","pmRtpReceivedPkts.10.189.164.0","O"
"2105","pmNrOfAdmCtrlRejectedConnections.10.189.164.0","A"
"2106","pmCallsWithRtpPacketLoss3.10.189.164.0","A"
"2107","pmRtpReceivedOctetsLo.10.189.164.0","A"
"2108","pmConnLatePktsRatio4.10.189.164.0","O"
"2109","pmConnLatePktsRatio5.10.189.164.0","O"
"2110","PktLoss.10.189.164.0","O"
"2111","RTPLoss.10.189.144.0","O"
"2112","pmNrOfTermIuInitSucc","A"
"2113","pmNrOfTermIuInit","A"
"2114","pmRtpReceivedDscpCongPackets.10.189.154.0","A"
"2115","pmConnLatePktsRatio3.10.189.154.0","O"
"2116","pmRtpLostPkts.10.189.154.0","A"
"2117","pmRtpOutOfSequencePkts.10.189.154.0","A"
"2118","pmRtpReceivedPkts.10.189.154.0","O"
"2119","pmConnLatePktsRatio6.10.189.154.0","O"
"2120","pmNrOfAdmCtrlRejectedConnections.10.189.154.0","A"
"2121","pmCallsWithRtpPacketLoss6.10.189.154.0","A"
"2122","pmRtpReceivedPktsHi.10.189.154.0","O"
"2123","pmCallsWithRtpPacketLoss1.10.189.154.0","A"
"2124","pmRtpReceivedOctetsLo.10.189.154.0","A"
"2125","pmRtpSentOctetsLo.10.189.154.0","A"
"2126","pmRtpSentPktsLo.10.189.154.0","A"
"2127","pmCallsWithRtpPacketLoss2.10.189.154.0","A"
"2128","pmRtpDiscardedPkts.10.189.154.0","A"
"2129","pmConnLatePktsRatio0.10.189.154.0","O"
"2130","pmConnLatePktsRatio5.10.189.154.0","O"
"2131","pmConnLatePktsRatio4.10.189.154.0","O"
"2132","pmRtpSentOctetsHi.10.189.154.0","A"
"2133","pmCallsWithRtpPacketLoss5.10.189.154.0","A"
"2134","pmCallsWithRtpPacketLoss0.10.189.154.0","A"
"2135","pmRtpReceivedPktsLo.10.189.154.0","O"
"2136","pmRtpSentPktsHi.10.189.154.0","A"
"2137","pmRtpReceivedOctetsHi.10.189.154.0","A"
"2138","pmConnLatePktsRatio2.10.189.154.0","O"
"2139","pmConnLatePktsRatio1.10.189.154.0","O"
"2140","pmCallsWithRtpPacketLoss4.10.189.154.0","A"
"2141","pmCallsWithRtpPacketLoss3.10.189.154.0","A"
"2142","PktLoss.10.189.154.0","O"
"2143","RTPLoss.10.189.164.0","O"
"2144","RTPLoss.10.189.154.0","O"
