"1","maxNrOfLicMediaStreamChannels.1","G"
"2","pmProcessorLoad.MAIN-2","G"
"3","pmProcessorLoad.MAIN-20","G"
"4","pmProcessorLoad.MAIN-23","G"
"5","pmAverageBwGsmHrNbPtime20.1","G"
"6","capacityBusy.csd_digital","G"
"7","pmProcessorLoad.MAIN-5","G"
"8","pmIfStatsIpOutDiscards.CTRL-25_Nb","D"
"9","pmIfStatsIpAddrErrors.CTRL-25_Nb","D"
"10","pmBusyInstances.GttService","G"
"11","pmIfStatsIpOutRequests.CTRL-4_SS7_A","D"
"12","pmProcessorLoad.MSE1-1","G"
"13","pmProcessorLoad.CTRL-25","G"
"14","pmProcessorLoad.MSE1-13","G"
"15","capacityBusy.csd_gsm_mfh","G"
"16","pmProcessorLoad.MSE1-12","G"
"17","pmBusyInstances.CsdGsmFhService","G"
"18","pmProcessorLoad.MSE1-27","G"
"19","pmNrOfMediaStreamChannelsBusy.1","G"
"20","pmBusyInstances.NrService","G"
"21","pmProcessorLoad.MSE1-16","G"
"22","pmBusyInstances.IpEtService","G"
"23","pmProcessorLoad.MSE1-28","G"
"24","pmProcessorLoad.CTRL-24","G"
"25","IPInDiscards.CTRL-25_Nb","O"
"26","pmProcessorLoad.MAIN-7","G"
"27","pmProcessorLoad.MAIN-19","G"
"28","pmAverageBwAmrVoipPtime20.1","G"
"29","capacityBusy.mfd","G"
"30","pmProcessorLoad.MSE1-2","G"
"31","pmAverageBwAmrAoipPtime20.1","G"
"32","pmProcessorLoad.CTRL-20","G"
"33","pmIfStatsIpUnknownProtos.CTRL-4_SS7_A","D"
"34","capacityBusy.ipet","G"
"35","pmAverageBwEfrNbPtime20.1","G"
"36","pmIfStatsIpInDiscards.CTRL-25_Nb","D"
"37","pmProcessorLoad.MSE1-24","G"
"38","pmIfStatsIpInHdrErrors.CTRL-25_SS7_B","D"
"39","pmProcessorLoad.CTRL-2","G"
"40","pmBusyInstances.DtmfReceiverService","G"
"41","pmIfStatsIpInReceives.CTRL-25_Nb","D"
"42","pmBusyInstances.DtmfSenderService","G"
"43","pmIfStatsIpOutDiscards.CTRL-25_SS7_B","D"
"44","pmIfStatsIpInReceives.CTRL-4_Nb","D"
"45","pmProcessorLoad.MAIN-4","G"
"46","pmBusyInstances.RtpRtcpService","G"
"47","pmBusyInstances.GsmHrService","G"
"48","pmAverageBwAmrNbPtime20.1","G"
"49","pmBusyInstances.JitterHandlingService","G"
"50","pmBusyInstances.MccService","G"
"51","IPOutDiscards.CTRL-4_Nb","O"
"52","traffic_load.1","O"
"53","pmAverageBwG729Ptime20.1","G"
"54","capacityBusy.csd_fax","G"
"55","pmAverageBwAmrWbNbPtime20.1","G"
"56","pmIfStatsIpUnknownProtos.CTRL-25_Nb","D"
"57","pmBusyInstances.EfrService","G"
"58","pmIfStatsIpInDiscards.CTRL-4_Nb","D"
"59","MediaStreamChannelUtilisationRate.1","O"
"60","pmIfStatsIpOutDiscards.CTRL-4_SS7_A","D"
"61","pmBusyInstances.ImService","G"
"62","pmIfStatsIpInHdrErrors.CTRL-25_Nb","D"
"63","pmBusyInstances.PcmService","G"
"64","pmIfStatsIpAddrErrors.CTRL-4_SS7_A","D"
"65","pmProcessorLoad.MAIN-27","G"
"66","IPOutDiscards.CTRL-25_Nb","O"
"67","pmIfStatsIpAddrErrors.CTRL-25_SS7_B","D"
"68","pmProcessorLoad.CTRL-26","G"
"69","pmNrOfIpTermsBusy.VMGW_RAIND2Z","G"
"70","pmAvMedStreamChanSetUpRate.1","G"
"71","pmIfStatsIpAddrErrors.CTRL-4_Nb","D"
"72","pmNrOfIpTermsBusy.VMGW_MEIND2Z","G"
"73","pmProcessorLoad.MSE1-25","G"
"74","pmBusyInstances.AmrService","G"
"75","pmProcessorLoad.MAIN-18","G"
"76","ErrorRate.CTRL-25_Nb","O"
"77","pmIfStatsIpUnknownProtos.CTRL-4_Nb","D"
"78","pmIfStatsIpInReceives.CTRL-25_SS7_B","D"
"79","pmUsedBandwidthForIpTransport.1","G"
"80","pmProcessorLoad.MSE1-15","G"
"81","pmProcessorLoad.MAIN-25","G"
"82","pmProcessorLoad.CTRL-22","G"
"83","pmIfStatsIpOutRequests.CTRL-25_Nb","D"
"84","pmProcessorLoad.MAIN-6","G"
"85","capacityBusy.csd_modem","G"
"86","pmProcessorLoad.CTRL-28","G"
"87","pmAverageBwGsmHrAoipPtime20.1","G"
"88","pmProcessorLoad.MAIN-28","G"
"89","pmBusyInstances.CsdGsmFaxService","G"
"90","pmIfStatsIpOutRequests.CTRL-4_Nb","D"
"91","pmBusyInstances.MpcService","G"
"92","pmProcessorLoad.CTRL-3","G"
"93","pmIfStatsIpInDiscards.CTRL-4_SS7_A","D"
"94","pmProcessorLoad.MSE1-26","G"
"95","pmNrOfContextsBusy.VMGW_CALIS2Z","G"
"96","pmNrOfContextsBusy.VMGW_MEIND2Z","G"
"97","pmBusyInstances.GsmFrService","G"
"98","pmBusyInstances.ToneSenderService","G"
"99","pmBusyInstances.CsdDigitalService","G"
"100","pmIfStatsIpOutRequests.CTRL-25_SS7_B","D"
"101","pmProcessorLoad.MSE1-3","G"
"102","pmProcessorLoad.MAIN-21","G"
"103","pmProcessorLoad.CTRL-5","G"
"104","pmIfStatsIpInDiscards.CTRL-25_SS7_B","D"
"105","pmProcessorLoad.MAIN-22","G"
"106","pmIfStatsIpInHdrErrors.CTRL-4_SS7_A","D"
"107","pmIfStatsIpInHdrErrors.CTRL-4_Nb","D"
"108","pmIfStatsIpOutDiscards.CTRL-4_Nb","D"
"109","pmAverageBwEfrAoipPtime20.1","G"
"110","pmBusyInstances.UpFhService","G"
"111","IPInDiscards.CTRL-4_Nb","O"
"112","pmBusyInstances.TfoService","G"
"113","pmProcessorLoad.CTRL-27","G"
"114","pmBusyInstances.EcService","G"
"115","pmProcessorLoad.CTRL-1","G"
"116","csrs.1","O"
"117","pmNrOfContextsBusy.VMGW_RAIND2Z","G"
"118","pmProcessorLoad.MAIN-1","G"
"119","pmProcessorLoad.MAIN-24","G"
"120","pmBusyInstances.ContinuityCheckService","G"
"121","pmNrOfIpTermsBusy.VMGW_CALIS2Z","G"
"122","ErrorRate.CTRL-4_Nb","O"
"123","pmProcessorLoad.MSE1-14","G"
"124","pmBusyInstances.CsdModemService","G"
"125","pmIfStatsIpInReceives.CTRL-4_SS7_A","D"
"126","pmProcessorLoad.CTRL-4","G"
"127","pmIfStatsIpUnknownProtos.CTRL-25_SS7_B","D"
"128","pmUnsuccSeizures.UpFhService","A"
"129","pmNrOfAdmCtrlRejectedConnections.10.160.57.0","A"
"130","pmRtpLostPkts.10.160.4.0","A"
"131","pmNrOfContextsReq.VMGW_RAIND2Z","A"
"132","pmRtpReceivedOctetsHi.10.160.39.0","A"
"133","pmRtpReceivedPktsLo.10.160.77.0","O"
"134","pmNrOfOrigNbInitFaults.VMGW_CALIS2Z","A"
"135","pmRtpReceivedPktsLo.10.160.4.0","O"
"136","pmNrOfGcpNotifySpeechFaultAEst.VMGW_MEIND2Z","A"
"137","pmRtpSentPktsLo.10.160.34.0","A"
"138","pmRtpReceivedPktsHi.10.160.82.0","O"
"139","pmIpCnConnMeasuredJitter4.1","A"
"140","pmNrOfAdmCtrlRejectedConnections.10.160.45.0","A"
"141","pmRtpSentPktsLo.10.160.82.0","A"
"142","pmRtpReceivedDscpCongPackets.10.160.17.0","A"
"143","pmNrOfSentIpbcpRejectMsg.VMGW_MEIND2Z","A"
"144","pmNrOfRecFaultyIpbcpAcceptMsg.VMGW_CALIS2Z","A"
"145","pmRtpSentPktsLo.10.160.39.0","A"
"146","pmRtpReceivedPktsLo.10.160.34.0","O"
"147","pmUnsuccSeizures.RtpRtcpService","A"
"148","pmNrOfOrigIpbcpBearSupervTmrExp.VMGW_RAIND2Z","A"
"149","pmNrOfAdmCtrlRejectedConnections.10.160.72.0","A"
"150","pmRtpDiscardedPkts.10.160.39.0","A"
"151","pmRtpSentOctetsHi.10.160.39.0","A"
"152","NbIPTermination.VMGW_RAIND2Z","O"
"153","pmRtpSentPktsHi.10.160.72.0","A"
"154","pmRtpReceivedOctetsLo.10.160.57.0","A"
"155","pmRtpReceivedOctetsHi.10.160.57.0","A"
"156","pmNrOfAal2TermsRej.VMGW_MEIND2Z","A"
"157","pmUnsuccSeizures.TfoService","A"
"158","pmRtpReceivedPkts.10.160.17.0","O"
"159","pmUnsuccSeizures.GsmFrService","A"
"160","pmRtpLostPkts.10.160.82.0","A"
"161","pmNrOfAal2TermsReq.VMGW_CALIS2Z","A"
"162","pmRtpReceivedOctetsHi.10.160.82.0","A"
"163","pmRtpSentPktsLo.10.160.57.0","A"
"164","pmRtpReceivedOctetsHi.10.160.17.0","A"
"165","pmRtpSentPktsHi.10.160.34.0","A"
"166","pmRtpReceivedPktsHi.10.160.17.0","O"
"167","pmUnsuccSeizures.DtmfSenderService","A"
"168","pmRtpDiscardedPkts.10.160.82.0","A"
"169","pmUnsuccSeizures.AmrService","A"
"170","pmRtpReceivedPktsHi.10.160.57.0","O"
"171","pmRtpLostPkts.10.160.72.0","A"
"172","pmRtpSentOctetsHi.10.160.72.0","A"
"173","pmNrOfAdmCtrlRejectedConnections.10.160.82.0","A"
"174","pmUnsuccSeizures.ToneSenderService","A"
"175","pmUnsuccSeizures.CsdGsmFhService","A"
"176","pmRtpReceivedOctetsLo.10.160.17.0","A"
"177","pmNrOfContextsReq.VMGW_CALIS2Z","A"
"178","pmRtpLostPkts.10.160.34.0","A"
"179","pmUnsuccSeizures.EfrService","A"
"180","pmRtpReceivedDscpCongPackets.10.160.34.0","A"
"181","pmRtpSentOctetsLo.10.160.34.0","A"
"182","pmNrOfContextsReq.VMGW_MEIND2Z","A"
"183","pmNrOfTermIpbcpBearSupervTmrExp.VMGW_RAIND2Z","A"
"184","pmNrOfGcpNotifyCsdFaultAEst.VMGW_MEIND2Z","A"
"185","pmRtpSentPktsLo.10.160.72.0","A"
"186","pmRtpReceivedPktsHi.10.160.39.0","O"
"187","pmRtpReceivedPkts.10.160.45.0","O"
"188","pmRtpReceivedDscpCongPackets.10.160.57.0","A"
"189","pmRtpReceivedDscpCongPackets.10.160.72.0","A"
"190","pmNrOfIpTermsRej.VMGW_MEIND2Z","A"
"191","pmNrOfAdmCtrlRejectedConnections.10.160.39.0","A"
"192","pmNrOfGcpNotifySpeechFaultAEst.VMGW_RAIND2Z","A"
"193","pmNrOfIpTermsReq.VMGW_CALIS2Z","A"
"194","pmRtpReceivedDscpCongPackets.10.160.4.0","A"
"195","pmNrOfSentIpbcpRejectMsg.VMGW_CALIS2Z","A"
"196","pmNrOfTermNbInit","A"
"197","pmRtpReceivedPktsHi.10.160.4.0","O"
"198","pmRtpReceivedDscpCongPackets.10.160.39.0","A"
"199","pmIpCnConnMeasuredJitter0.1","A"
"200","pmRtpReceivedOctetsLo.10.160.77.0","A"
"201","pmRtpReceivedDscpCongPackets.10.160.82.0","A"
"202","pmUnsuccSeizures.JitterHandlingService","A"
"203","pmRtpSentOctetsLo.10.160.17.0","A"
"204","pmRtpReceivedOctetsHi.10.160.4.0","A"
"205","pmNrOfGcpNotifySpeechFaultAEst.VMGW_CALIS2Z","A"
"206","pmNrOfIpTermsReq.VMGW_RAIND2Z","A"
"207","pmNrOfAdmCtrlRejectedConnections.10.160.77.0","A"
"208","pmRtpReceivedPktsLo.10.160.82.0","O"
"209","pmNrOfOrigNbInitFaults.VMGW_RAIND2Z","A"
"210","pmRtpSentOctetsHi.10.160.57.0","A"
"211","pmNrOfMediaStreamChannelsRejectedDueToCapacity.1","A"
"212","pmNrOfAal2TermsRej.VMGW_CALIS2Z","A"
"213","pmRtpSentOctetsHi.10.160.4.0","A"
"214","pmRtpDiscardedPkts.10.160.72.0","A"
"215","pmRtpReceivedPkts.10.160.39.0","O"
"216","pmRtpReceivedOctetsLo.10.160.82.0","A"
"217","pmUnsuccSeizures.IpEtService","A"
"218","pmRtpReceivedOctetsLo.10.160.72.0","A"
"219","pmNrOfContextsRej.VMGW_MEIND2Z","A"
"220","pmRtpReceivedOctetsHi.10.160.34.0","A"
"221","pmRtpReceivedOctetsLo.10.160.34.0","A"
"222","pmRtpDiscardedPkts.10.160.34.0","A"
"223","pmRtpReceivedPkts.10.160.77.0","O"
"224","pmNrOfRecBctpProtocolFailures.VMGW_MEIND2Z","A"
"225","NbIPTermination.VMGW_CALIS2Z","O"
"226","pmRtpReceivedPkts.10.160.34.0","O"
"227","pmRtpDiscardedPkts.10.160.57.0","A"
"228","pmNrOfTermNbInitSucc","A"
"229","pmNrOfRejEmcCalls.1","A"
"230","pmRtpReceivedPktsLo.10.160.39.0","O"
"231","pmRtpSentOctetsHi.10.160.77.0","A"
"232","pmRtpReceivedPktsHi.10.160.34.0","O"
"233","pmRtpDiscardedPkts.10.160.45.0","A"
"234","pmNrOfRecIpbcpRejectMsg.VMGW_MEIND2Z","A"
"235","pmRtpReceivedDscpCongPackets.10.160.77.0","A"
"236","pmRtpReceivedOctetsHi.10.160.77.0","A"
"237","pmRtpReceivedOctetsLo.10.160.45.0","A"
"238","pmRtpReceivedOctetsHi.10.160.72.0","A"
"239","RejetsNb.VMGW_MEIND2Z","O"
"240","pmUnsuccSeizures.CsdGsmFaxService","A"
"241","pmUnsuccSeizures.AmrWbService","A"
"242","pmNrOfTermIpbcpBearSupervTmrExp.VMGW_MEIND2Z","A"
"243","pmNrOfRecFaultyIpbcpAcceptMsg.VMGW_MEIND2Z","A"
"244","pmRtpReceivedPktsLo.10.160.57.0","O"
"245","pmRtpSentOctetsLo.10.160.39.0","A"
"246","pmRtpSentPktsLo.10.160.77.0","A"
"247","pmIpCnConnMeasuredJitter2.1","A"
"248","RejetsNb.VMGW_RAIND2Z","O"
"249","pmUnsuccSeizures.GsmHrService","A"
"250","pmRtpSentOctetsLo.10.160.57.0","A"
"251","pmUnsuccSeizures.ContinuityCheckService","A"
"252","pmNrOfRecBctpProtocolFailures.VMGW_CALIS2Z","A"
"253","pmNrOfAal2TermsReq.VMGW_MEIND2Z","A"
"254","pmNrOfOrigIpbcpBearSupervTmrExp.VMGW_CALIS2Z","A"
"255","pmNrOfOrigNbInitFaults",
"256","pmRtpReceivedPktsLo.10.160.72.0","O"
"257","pmIpCnConnMeasuredJitter5.1","A"
"258","pmRtpSentOctetsHi.10.160.34.0","A"
"259","pmRtpSentPktsHi.10.160.45.0","A"
"260","pmRtpReceivedOctetsLo.10.160.39.0","A"
"261","pmUnsuccSeizures.G729Service","A"
"262","pmRtpReceivedPkts.10.160.4.0","O"
"263","pmRtpSentPktsHi.10.160.39.0","A"
"264","pmRtpDiscardedPkts.10.160.77.0","A"
"265","pmUnsuccSeizures.ImService","A"
"266","pmNrOfMediaStreamChannelsReq.1","A"
"267","pmNrOfAdmCtrlRejectedConnections.10.160.4.0","A"
"268","pmNrOfRecFaultyIpbcpAcceptMsg.VMGW_RAIND2Z","A"
"269","pmRtpSentOctetsHi.10.160.17.0","A"
"270","pmRtpSentPktsHi.10.160.17.0","A"
"271","pmNrOfRecIpbcpRejectMsg.VMGW_RAIND2Z","A"
"272","pmRtpSentOctetsLo.10.160.45.0","A"
"273","pmRtpReceivedPktsLo.10.160.17.0","O"
"274","pmNrOfContextsRej.VMGW_CALIS2Z","A"
"275","pmRtpReceivedPktsHi.10.160.45.0","O"
"276","NbIPTermination.VMGW_MEIND2Z","O"
"277","pmRtpSentPktsLo.10.160.4.0","A"
"278","pmRtpSentOctetsLo.10.160.77.0","A"
"279","pmRtpSentPktsHi.10.160.57.0","A"
"280","pmRtpSentPktsHi.10.160.82.0","A"
"281","pmRtpSentPktsHi.10.160.4.0","A"
"282","pmRtpLostPkts.10.160.17.0","A"
"283","pmNrOfTermIpbcpBearSupervTmrExp.VMGW_CALIS2Z","A"
"284","pmUnsuccSeizures.MpcService","A"
"285","pmRtpSentOctetsLo.10.160.4.0","A"
"286","pmUnsuccSeizures.PcmService","A"
"287","pmRtpReceivedOctetsHi.10.160.45.0","A"
"288","pmNrOfRecIpbcpConfusedMsg.VMGW_RAIND2Z","A"
"289","pmNrOfAal2TermsReq.VMGW_RAIND2Z","A"
"290","pmUnsuccSeizures.MccService","A"
"291","pmNrOfIpTermsReq.VMGW_MEIND2Z","A"
"292","pmRtpDiscardedPkts.10.160.17.0","A"
"293","pmNrOfAdmCtrlRejectedConnections.10.160.17.0","A"
"294","pmIpCnConnMeasuredJitter1.1","A"
"295","pmNrOfGcpNotifyCsdFaultAEst.VMGW_CALIS2Z","A"
"296","pmRtpLostPkts.10.160.45.0","A"
"297","pmNrOfOrigNbInitFaults.VMGW_MEIND2Z","A"
"298","pmRtpSentPktsLo.10.160.45.0","A"
"299","pmRtpSentPktsLo.10.160.17.0","A"
"300","pmRtpLostPkts.10.160.57.0","A"
"301","pmUnsuccSeizures.NrService","A"
"302","pmUnsuccSeizures.CsdDigitalService","A"
"303","pmUnsuccSeizures.CsdModemService","A"
"304","pmRtpReceivedDscpCongPackets.10.160.45.0","A"
"305","pmRtpSentOctetsHi.10.160.82.0","A"
"306","pmUnsuccSeizures.GttService","A"
"307","pmRtpDiscardedPkts.10.160.4.0","A"
"308","pmNrOfIpTermsRej.VMGW_CALIS2Z","A"
"309","pmNrOfRejsByStaticAdmCtrl.1","A"
"310","pmIpCnConnMeasuredJitter3.1","A"
"311","pmNrOfAdmCtrlRejectedConnections.10.160.34.0","A"
"312","pmNrOfContextsRej.VMGW_RAIND2Z","A"
"313","pmNrOfRecIpbcpConfusedMsg.VMGW_CALIS2Z","A"
"314","pmNrOfGcpNotifyCsdFaultAEst.VMGW_RAIND2Z","A"
"315","pmRtpReceivedPktsHi.10.160.72.0","O"
"316","pmRtpReceivedPktsLo.10.160.45.0","O"
"317","pmNrOfIpTermsRej.VMGW_RAIND2Z","A"
"318","pmNrOfRecIpbcpConfusedMsg.VMGW_MEIND2Z","A"
"319","pmRtpReceivedPkts.10.160.82.0","O"
"320","pmNrOfOrigIpbcpBearSupervTmrExp.VMGW_MEIND2Z","A"
"321","pmNrOfRecBctpProtocolFailures.VMGW_RAIND2Z","A"
"322","pmNrOfRecIpbcpRejectMsg.VMGW_CALIS2Z","A"
"323","pmUnsuccSeizures.DtmfReceiverService","A"
"324","pmUnsuccSeizures.EcService","A"
"325","pmRtpReceivedPkts.10.160.72.0","O"
"326","pmRtpReceivedOctetsLo.10.160.4.0","A"
"327","pmRtpSentPktsHi.10.160.77.0","A"
"328","pmRtpSentOctetsLo.10.160.82.0","A"
"329","pmRtpLostPkts.10.160.39.0","A"
"330","pmNrOfSentIpbcpRejectMsg.VMGW_RAIND2Z","A"
"331","pmRtpSentOctetsHi.10.160.45.0","A"
"332","RejetsNb.VMGW_CALIS2Z","O"
"333","pmRtpSentOctetsLo.10.160.72.0","A"
"334","pmNrOfAal2TermsRej.VMGW_RAIND2Z","A"
"335","pmRtpReceivedPktsHi.10.160.77.0","O"
"336","pmRtpReceivedPkts.10.160.57.0","O"
"337","pmRtpLostPkts.10.160.77.0","A"
"338","IPInDiscards.CTRL-4_SS7_A","O"
"339","ErrorRate.CTRL-4_SS7_A","O"
"340","NoDisturbJitter.1","O"
"341","IPBCPestablishSuccessRate.VMGW_RAIND2Z","O"
"342","PktLoss.10.160.57.0","O"
"343","IPBCPestablishSuccessRate.VMGW_MEIND2Z","O"
"344","IPTerminationSuccessRate.VMGW_MEIND2Z","O"
"345","PktLoss.10.160.4.0","O"
"346","IPTerminationSuccessRate.VMGW_RAIND2Z","O"
"347","PktLoss.10.160.45.0","O"
"348","PktLoss.10.160.39.0","O"
"349","PktLoss.10.160.72.0","O"
"350","PktLoss.10.160.34.0","O"
"351","IPBCPestablishSuccessRate.VMGW_CALIS2Z","O"
"352","IPTerminationSuccessRate.VMGW_CALIS2Z","O"
"353","IPOutDiscards.CTRL-4_SS7_A","O"
"354","PktLoss.10.160.77.0","O"
"355","PktLoss.10.160.17.0","O"
"356","RTPLoss.10.160.72.0","O"
"357","PktLoss.10.160.82.0","O"
"358","RTPLoss.10.160.4.0","O"
"359","IPInDiscards.CTRL-25_SS7_B","O"
"360","ErrorRate.CTRL-25_SS7_B","O"
"361","IPOutDiscards.CTRL-25_SS7_B","O"
"362","PktLoss.10.160.102.0","O"
"363","pmRtpSentPktsLo.10.160.102.0","A"
"364","pmNrOfAdmCtrlRejectedConnections.10.160.102.0","A"
"365","pmRtpReceivedPktsLo.10.160.102.0","O"
"366","pmRtpReceivedDscpCongPackets.10.160.102.0","A"
"367","pmRtpReceivedPktsHi.10.160.102.0","O"
"368","pmRtpReceivedOctetsHi.10.160.102.0","A"
"369","pmRtpSentOctetsHi.10.160.102.0","A"
"370","pmRtpLostPkts.10.160.102.0","A"
"371","pmRtpDiscardedPkts.10.160.102.0","A"
"372","pmRtpSentOctetsLo.10.160.102.0","A"
"373","pmRtpSentPktsHi.10.160.102.0","A"
"374","pmRtpReceivedPkts.10.160.102.0","O"
"375","pmRtpReceivedOctetsLo.10.160.102.0","A"
"376","RTPLoss.10.160.17.0","O"
"377","RTPLoss.10.160.45.0","O"
"378","PktLoss.10.160.99.0","O"
"379","pmRtpReceivedOctetsHi.10.160.101.0","A"
"380","pmRtpSentOctetsHi.10.160.98.0","A"
"381","pmRtpReceivedOctetsLo.10.160.98.0","A"
"382","pmRtpReceivedDscpCongPackets.10.160.98.0","A"
"383","pmRtpReceivedPktsHi.10.160.100.0","O"
"384","pmRtpLostPkts.10.160.101.0","A"
"385","pmRtpSentPktsLo.10.160.99.0","A"
"386","pmRtpReceivedPkts.10.160.99.0","O"
"387","pmRtpSentPktsLo.10.160.100.0","A"
"388","pmRtpReceivedOctetsLo.10.160.99.0","A"
"389","pmRtpReceivedOctetsLo.10.160.101.0","A"
"390","pmNrOfAdmCtrlRejectedConnections.10.160.100.0","A"
"391","pmRtpReceivedPkts.10.160.98.0","O"
"392","PktLoss.10.160.98.0","O"
"393","pmRtpSentOctetsHi.10.160.99.0","A"
"394","pmRtpReceivedDscpCongPackets.10.160.99.0","A"
"395","pmRtpDiscardedPkts.10.160.99.0","A"
"396","pmRtpDiscardedPkts.10.160.100.0","A"
"397","pmRtpLostPkts.10.160.100.0","A"
"398","pmRtpDiscardedPkts.10.160.101.0","A"
"399","pmRtpSentOctetsHi.10.160.101.0","A"
"400","pmRtpDiscardedPkts.10.160.98.0","A"
"401","pmRtpSentPktsHi.10.160.98.0","A"
"402","pmRtpSentPktsLo.10.160.98.0","A"
"403","pmRtpSentOctetsHi.10.160.100.0","A"
"404","pmRtpSentPktsLo.10.160.101.0","A"
"405","pmRtpSentPktsHi.10.160.101.0","A"
"406","pmRtpReceivedPktsHi.10.160.99.0","O"
"407","pmRtpSentOctetsLo.10.160.98.0","A"
"408","pmRtpSentOctetsLo.10.160.100.0","A"
"409","pmRtpReceivedOctetsHi.10.160.99.0","A"
"410","pmRtpSentPktsHi.10.160.100.0","A"
"411","pmRtpSentPktsHi.10.160.99.0","A"
"412","pmRtpReceivedPkts.10.160.101.0","O"
"413","pmRtpReceivedPktsLo.10.160.98.0","O"
"414","pmNrOfAdmCtrlRejectedConnections.10.160.99.0","A"
"415","pmNrOfAdmCtrlRejectedConnections.10.160.98.0","A"
"416","pmRtpLostPkts.10.160.99.0","A"
"417","pmRtpLostPkts.10.160.98.0","A"
"418","pmRtpReceivedPktsHi.10.160.101.0","O"
"419","pmRtpReceivedPktsLo.10.160.99.0","O"
"420","pmRtpReceivedOctetsLo.10.160.100.0","A"
"421","pmNrOfAdmCtrlRejectedConnections.10.160.101.0","A"
"422","pmRtpSentOctetsLo.10.160.99.0","A"
"423","pmRtpReceivedPktsLo.10.160.101.0","O"
"424","pmRtpReceivedPkts.10.160.100.0","O"
"425","pmRtpReceivedDscpCongPackets.10.160.100.0","A"
"426","pmRtpReceivedOctetsHi.10.160.100.0","A"
"427","pmRtpReceivedDscpCongPackets.10.160.101.0","A"
"428","pmRtpSentOctetsLo.10.160.101.0","A"
"429","pmRtpReceivedPktsLo.10.160.100.0","O"
"430","PktLoss.10.160.100.0","O"
"431","pmRtpReceivedOctetsHi.10.160.98.0","A"
"432","pmRtpReceivedPktsHi.10.160.98.0","O"
"433","PktLoss.10.160.101.0","O"
"434","pmRtpReceivedPktsHi.10.160.96.0","O"
"435","pmRtpLostPkts.10.160.96.0","A"
"436","pmRtpReceivedOctetsLo.10.160.96.0","A"
"437","pmNrOfAdmCtrlRejectedConnections.10.160.96.0","A"
"438","pmRtpSentOctetsHi.10.160.96.0","A"
"439","pmRtpReceivedOctetsHi.10.160.96.0","A"
"440","pmRtpDiscardedPkts.10.160.96.0","A"
"441","pmRtpSentOctetsLo.10.160.96.0","A"
"442","RTPLoss.10.160.39.0","O"
"443","pmRtpReceivedDscpCongPackets.10.160.96.0","A"
"444","pmRtpSentPktsLo.10.160.96.0","A"
"445","pmRtpReceivedPktsLo.10.160.96.0","O"
"446","pmRtpSentPktsHi.10.160.96.0","A"
"447","pmRtpReceivedPkts.10.160.96.0","O"
"448","PktLoss.10.160.96.0","O"
"449","pmRtpReceivedDscpCongPackets.10.160.97.0","A"
"450","pmRtpReceivedPkts.10.160.97.0","O"
"451","pmRtpDiscardedPkts.10.160.97.0","A"
"452","pmNrOfAdmCtrlRejectedConnections.10.160.97.0","A"
"453","PktLoss.10.160.97.0","O"
"454","pmRtpReceivedOctetsHi.10.160.97.0","A"
"455","pmRtpSentOctetsLo.10.160.97.0","A"
"456","pmRtpLostPkts.10.160.97.0","A"
"457","pmRtpReceivedPktsHi.10.160.97.0","O"
"458","pmRtpSentPktsLo.10.160.97.0","A"
"459","pmRtpReceivedPktsLo.10.160.97.0","O"
"460","pmRtpSentPktsHi.10.160.97.0","A"
"461","pmRtpReceivedOctetsLo.10.160.97.0","A"
"462","pmRtpSentOctetsHi.10.160.97.0","A"
"463","RTPLoss.10.160.82.0","O"
"464","RTPLoss.10.160.98.0","O"
"465","RTPLoss.10.160.77.0","O"
"466","RTPLoss.10.160.102.0","O"
"467","RTPLoss.10.160.99.0","O"
"468","RTPLoss.10.160.100.0","O"
"469","RTPLoss.10.160.57.0","O"
"470","RTPLoss.10.160.101.0","O"
"471","RTPLoss.10.160.34.0","O"
"472","pmProcessorLoad.MSE1-5","G"
"473","pmProcessorLoad.MSE1-4","G"
"474","RTPLoss.10.160.96.0","O"
"475","capacityBusy.t38_fax","G"
"476","pmCallsWithRtpPacketLoss0.10.160.96.0","A"
"477","pmConnLatePktsRatio6.10.160.34.0","O"
"478","pmConnLatePktsRatio4.10.160.101.0","O"
"479","pmConnLatePktsRatio5.10.160.77.0","O"
"480","pmConnLatePktsRatio1.10.160.57.0","O"
"481","pmCallsWithRtpPacketLoss4.10.160.101.0","A"
"482","pmCallsWithRtpPacketLoss0.10.160.77.0","A"
"483","pmCallsWithRtpPacketLoss2.10.160.4.0","A"
"484","pmConnLatePktsRatio0.10.160.98.0","O"
"485","pmConnLatePktsRatio6.10.160.97.0","O"
"486","pmConnLatePktsRatio2.10.160.17.0","O"
"487","pmCallsWithRtpPacketLoss4.10.160.82.0","A"
"488","pmConnLatePktsRatio6.10.160.101.0","O"
"489","pmCallsWithRtpPacketLoss5.10.160.97.0","A"
"490","pmConnLatePktsRatio4.10.160.39.0","O"
"491","pmCallsWithRtpPacketLoss6.10.160.77.0","A"
"492","pmCallsWithRtpPacketLoss4.10.160.97.0","A"
"493","pmCallsWithRtpPacketLoss5.10.160.39.0","A"
"494","pmConnLatePktsRatio5.10.160.45.0","O"
"495","pmCallsWithRtpPacketLoss3.10.160.77.0","A"
"496","pmCallsWithRtpPacketLoss1.10.160.45.0","A"
"497","pmConnLatePktsRatio5.10.160.100.0","O"
"498","pmConnLatePktsRatio2.10.160.34.0","O"
"499","pmCallsWithRtpPacketLoss2.10.160.72.0","A"
"500","pmCallsWithRtpPacketLoss5.10.160.99.0","A"
"501","pmConnLatePktsRatio3.10.160.100.0","O"
"502","pmConnLatePktsRatio0.10.160.34.0","O"
"503","pmConnLatePktsRatio1.10.160.96.0","O"
"504","pmCallsWithRtpPacketLoss4.10.160.45.0","A"
"505","pmConnLatePktsRatio0.10.160.17.0","O"
"506","pmCallsWithRtpPacketLoss5.10.160.98.0","A"
"507","pmCallsWithRtpPacketLoss0.10.160.17.0","A"
"508","pmCallsWithRtpPacketLoss2.10.160.45.0","A"
"509","pmConnLatePktsRatio3.10.160.34.0","O"
"510","pmConnLatePktsRatio3.10.160.101.0","O"
"511","pmCallsWithRtpPacketLoss3.10.160.4.0","A"
"512","pmConnLatePktsRatio0.10.160.97.0","O"
"513","pmCallsWithRtpPacketLoss6.10.160.99.0","A"
"514","pmConnLatePktsRatio5.10.160.17.0","O"
"515","pmCallsWithRtpPacketLoss3.10.160.97.0","A"
"516","pmConnLatePktsRatio0.10.160.82.0","O"
"517","pmConnLatePktsRatio3.10.160.4.0","O"
"518","pmCallsWithRtpPacketLoss0.10.160.99.0","A"
"519","pmConnLatePktsRatio2.10.160.101.0","O"
"520","pmConnLatePktsRatio0.10.160.102.0","O"
"521","pmCallsWithRtpPacketLoss4.10.160.96.0","A"
"522","pmConnLatePktsRatio3.10.160.97.0","O"
"523","pmConnLatePktsRatio0.10.160.72.0","O"
"524","pmConnLatePktsRatio6.10.160.57.0","O"
"525","pmConnLatePktsRatio6.10.160.39.0","O"
"526","pmConnLatePktsRatio3.10.160.96.0","O"
"527","pmConnLatePktsRatio2.10.160.72.0","O"
"528","pmConnLatePktsRatio3.10.160.57.0","O"
"529","pmCallsWithRtpPacketLoss6.10.160.72.0","A"
"530","pmCallsWithRtpPacketLoss1.10.160.82.0","A"
"531","pmConnLatePktsRatio1.10.160.72.0","O"
"532","pmCallsWithRtpPacketLoss6.10.160.96.0","A"
"533","pmConnLatePktsRatio4.10.160.98.0","O"
"534","pmConnLatePktsRatio1.10.160.77.0","O"
"535","pmConnLatePktsRatio6.10.160.102.0","O"
"536","pmConnLatePktsRatio0.10.160.77.0","O"
"537","pmCallsWithRtpPacketLoss6.10.160.98.0","A"
"538","pmCallsWithRtpPacketLoss6.10.160.102.0","A"
"539","pmConnLatePktsRatio5.10.160.96.0","O"
"540","pmCallsWithRtpPacketLoss0.10.160.101.0","A"
"541","pmCallsWithRtpPacketLoss0.10.160.102.0","A"
"542","pmConnLatePktsRatio1.10.160.17.0","O"
"543","pmCallsWithRtpPacketLoss5.10.160.96.0","A"
"544","pmCallsWithRtpPacketLoss2.10.160.77.0","A"
"545","pmCallsWithRtpPacketLoss2.10.160.96.0","A"
"546","pmCallsWithRtpPacketLoss4.10.160.100.0","A"
"547","pmCallsWithRtpPacketLoss5.10.160.45.0","A"
"548","pmConnLatePktsRatio2.10.160.45.0","O"
"549","pmCallsWithRtpPacketLoss4.10.160.57.0","A"
"550","pmCallsWithRtpPacketLoss0.10.160.98.0","A"
"551","pmConnLatePktsRatio4.10.160.45.0","O"
"552","pmConnLatePktsRatio3.10.160.82.0","O"
"553","pmCallsWithRtpPacketLoss5.10.160.72.0","A"
"554","pmConnLatePktsRatio5.10.160.72.0","O"
"555","pmConnLatePktsRatio0.10.160.99.0","O"
"556","pmConnLatePktsRatio2.10.160.4.0","O"
"557","pmCallsWithRtpPacketLoss6.10.160.45.0","A"
"558","pmCallsWithRtpPacketLoss6.10.160.82.0","A"
"559","pmConnLatePktsRatio5.10.160.57.0","O"
"560","pmConnLatePktsRatio0.10.160.96.0","O"
"561","pmCallsWithRtpPacketLoss3.10.160.98.0","A"
"562","pmConnLatePktsRatio0.10.160.4.0","O"
"563","pmCallsWithRtpPacketLoss5.10.160.34.0","A"
"564","pmConnLatePktsRatio1.10.160.99.0","O"
"565","pmConnLatePktsRatio6.10.160.99.0","O"
"566","pmConnLatePktsRatio1.10.160.98.0","O"
"567","pmCallsWithRtpPacketLoss4.10.160.102.0","A"
"568","pmConnLatePktsRatio2.10.160.96.0","O"
"569","pmCallsWithRtpPacketLoss0.10.160.82.0","A"
"570","pmConnLatePktsRatio2.10.160.57.0","O"
"571","pmConnLatePktsRatio2.10.160.102.0","O"
"572","pmCallsWithRtpPacketLoss6.10.160.4.0","A"
"573","pmConnLatePktsRatio6.10.160.100.0","O"
"574","pmCallsWithRtpPacketLoss1.10.160.102.0","A"
"575","pmConnLatePktsRatio3.10.160.77.0","O"
"576","pmCallsWithRtpPacketLoss1.10.160.96.0","A"
"577","pmCallsWithRtpPacketLoss6.10.160.97.0","A"
"578","pmCallsWithRtpPacketLoss4.10.160.39.0","A"
"579","pmCallsWithRtpPacketLoss5.10.160.102.0","A"
"580","pmCallsWithRtpPacketLoss0.10.160.4.0","A"
"581","pmConnLatePktsRatio1.10.160.39.0","O"
"582","pmCallsWithRtpPacketLoss4.10.160.72.0","A"
"583","pmConnLatePktsRatio4.10.160.96.0","O"
"584","pmCallsWithRtpPacketLoss3.10.160.100.0","A"
"585","pmConnLatePktsRatio6.10.160.98.0","O"
"586","pmCallsWithRtpPacketLoss1.10.160.100.0","A"
"587","pmConnLatePktsRatio4.10.160.17.0","O"
"588","pmConnLatePktsRatio0.10.160.39.0","O"
"589","pmConnLatePktsRatio3.10.160.102.0","O"
"590","pmCallsWithRtpPacketLoss2.10.160.100.0","A"
"591","pmCallsWithRtpPacketLoss6.10.160.34.0","A"
"592","pmConnLatePktsRatio3.10.160.45.0","O"
"593","pmCallsWithRtpPacketLoss0.10.160.57.0","A"
"594","pmConnLatePktsRatio1.10.160.82.0","O"
"595","pmConnLatePktsRatio6.10.160.17.0","O"
"596","pmConnLatePktsRatio2.10.160.98.0","O"
"597","pmConnLatePktsRatio6.10.160.45.0","O"
"598","pmConnLatePktsRatio4.10.160.77.0","O"
"599","pmCallsWithRtpPacketLoss3.10.160.101.0","A"
"600","pmCallsWithRtpPacketLoss1.10.160.97.0","A"
"601","pmCallsWithRtpPacketLoss0.10.160.97.0","A"
"602","pmCallsWithRtpPacketLoss1.10.160.34.0","A"
"603","pmConnLatePktsRatio3.10.160.39.0","O"
"604","pmConnLatePktsRatio1.10.160.45.0","O"
"605","pmCallsWithRtpPacketLoss3.10.160.102.0","A"
"606","pmConnLatePktsRatio4.10.160.99.0","O"
"607","pmConnLatePktsRatio3.10.160.72.0","O"
"608","pmConnLatePktsRatio2.10.160.82.0","O"
"609","pmConnLatePktsRatio6.10.160.72.0","O"
"610","pmCallsWithRtpPacketLoss3.10.160.17.0","A"
"611","pmCallsWithRtpPacketLoss2.10.160.102.0","A"
"612","pmCallsWithRtpPacketLoss0.10.160.72.0","A"
"613","pmConnLatePktsRatio4.10.160.102.0","O"
"614","pmConnLatePktsRatio4.10.160.72.0","O"
"615","pmConnLatePktsRatio2.10.160.99.0","O"
"616","pmConnLatePktsRatio6.10.160.4.0","O"
"617","pmConnLatePktsRatio4.10.160.34.0","O"
"618","pmCallsWithRtpPacketLoss2.10.160.34.0","A"
"619","pmCallsWithRtpPacketLoss4.10.160.77.0","A"
"620","pmCallsWithRtpPacketLoss3.10.160.99.0","A"
"621","pmConnLatePktsRatio4.10.160.4.0","O"
"622","pmCallsWithRtpPacketLoss1.10.160.17.0","A"
"623","pmCallsWithRtpPacketLoss5.10.160.77.0","A"
"624","pmCallsWithRtpPacketLoss1.10.160.98.0","A"
"625","pmCallsWithRtpPacketLoss2.10.160.101.0","A"
"626","pmCallsWithRtpPacketLoss3.10.160.39.0","A"
"627","pmCallsWithRtpPacketLoss3.10.160.57.0","A"
"628","pmConnLatePktsRatio0.10.160.101.0","O"
"629","pmConnLatePktsRatio1.10.160.4.0","O"
"630","pmCallsWithRtpPacketLoss0.10.160.100.0","A"
"631","pmConnLatePktsRatio5.10.160.97.0","O"
"632","pmCallsWithRtpPacketLoss4.10.160.4.0","A"
"633","pmConnLatePktsRatio3.10.160.17.0","O"
"634","pmCallsWithRtpPacketLoss2.10.160.82.0","A"
"635","pmCallsWithRtpPacketLoss3.10.160.72.0","A"
"636","pmCallsWithRtpPacketLoss4.10.160.34.0","A"
"637","pmConnLatePktsRatio2.10.160.100.0","O"
"638","pmConnLatePktsRatio1.10.160.100.0","O"
"639","pmConnLatePktsRatio1.10.160.102.0","O"
"640","pmConnLatePktsRatio3.10.160.98.0","O"
"641","pmCallsWithRtpPacketLoss3.10.160.82.0","A"
"642","pmConnLatePktsRatio2.10.160.97.0","O"
"643","pmCallsWithRtpPacketLoss5.10.160.57.0","A"
"644","pmCallsWithRtpPacketLoss1.10.160.39.0","A"
"645","pmCallsWithRtpPacketLoss3.10.160.34.0","A"
"646","pmConnLatePktsRatio5.10.160.82.0","O"
"647","pmCallsWithRtpPacketLoss1.10.160.4.0","A"
"648","pmCallsWithRtpPacketLoss0.10.160.39.0","A"
"649","pmConnLatePktsRatio5.10.160.98.0","O"
"650","pmCallsWithRtpPacketLoss6.10.160.100.0","A"
"651","pmCallsWithRtpPacketLoss4.10.160.99.0","A"
"652","pmCallsWithRtpPacketLoss3.10.160.96.0","A"
"653","pmCallsWithRtpPacketLoss4.10.160.17.0","A"
"654","pmCallsWithRtpPacketLoss6.10.160.57.0","A"
"655","pmCallsWithRtpPacketLoss2.10.160.39.0","A"
"656","pmConnLatePktsRatio0.10.160.57.0","O"
"657","pmCallsWithRtpPacketLoss5.10.160.100.0","A"
"658","pmCallsWithRtpPacketLoss1.10.160.57.0","A"
"659","pmConnLatePktsRatio1.10.160.97.0","O"
"660","pmCallsWithRtpPacketLoss4.10.160.98.0","A"
"661","pmCallsWithRtpPacketLoss5.10.160.82.0","A"
"662","pmCallsWithRtpPacketLoss5.10.160.4.0","A"
"663","pmConnLatePktsRatio6.10.160.96.0","O"
"664","pmConnLatePktsRatio5.10.160.99.0","O"
"665","pmCallsWithRtpPacketLoss3.10.160.45.0","A"
"666","pmConnLatePktsRatio5.10.160.4.0","O"
"667","pmCallsWithRtpPacketLoss5.10.160.101.0","A"
"668","pmConnLatePktsRatio4.10.160.82.0","O"
"669","pmConnLatePktsRatio6.10.160.82.0","O"
"670","pmConnLatePktsRatio1.10.160.34.0","O"
"671","pmCallsWithRtpPacketLoss0.10.160.34.0","A"
"672","pmCallsWithRtpPacketLoss6.10.160.39.0","A"
"673","pmCallsWithRtpPacketLoss6.10.160.17.0","A"
"674","pmConnLatePktsRatio5.10.160.34.0","O"
"675","pmConnLatePktsRatio0.10.160.45.0","O"
"676","pmCallsWithRtpPacketLoss2.10.160.17.0","A"
"677","pmCallsWithRtpPacketLoss2.10.160.99.0","A"
"678","pmConnLatePktsRatio3.10.160.99.0","O"
"679","pmCallsWithRtpPacketLoss1.10.160.99.0","A"
"680","pmCallsWithRtpPacketLoss5.10.160.17.0","A"
"681","pmConnLatePktsRatio5.10.160.102.0","O"
"682","pmCallsWithRtpPacketLoss0.10.160.45.0","A"
"683","pmCallsWithRtpPacketLoss1.10.160.101.0","A"
"684","pmConnLatePktsRatio4.10.160.97.0","O"
"685","pmCallsWithRtpPacketLoss6.10.160.101.0","A"
"686","pmCallsWithRtpPacketLoss2.10.160.57.0","A"
"687","pmConnLatePktsRatio4.10.160.100.0","O"
"688","pmCallsWithRtpPacketLoss1.10.160.72.0","A"
"689","pmCallsWithRtpPacketLoss2.10.160.98.0","A"
"690","pmCallsWithRtpPacketLoss2.10.160.97.0","A"
"691","pmConnLatePktsRatio0.10.160.100.0","O"
"692","pmConnLatePktsRatio6.10.160.77.0","O"
"693","pmCallsWithRtpPacketLoss1.10.160.77.0","A"
"694","pmConnLatePktsRatio2.10.160.39.0","O"
"695","pmConnLatePktsRatio4.10.160.57.0","O"
"696","pmConnLatePktsRatio5.10.160.101.0","O"
"697","pmConnLatePktsRatio2.10.160.77.0","O"
"698","pmConnLatePktsRatio5.10.160.39.0","O"
"699","pmConnLatePktsRatio1.10.160.101.0","O"
"700","pmRtpOutOfSequencePkts.10.160.45.0","A"
"701","pmRtpOutOfSequencePkts.10.160.57.0","A"
"702","pmRtpOutOfSequencePkts.10.160.102.0","A"
"703","pmRtpOutOfSequencePkts.10.160.101.0","A"
"704","pmRtpOutOfSequencePkts.10.160.100.0","A"
"705","pmRtpOutOfSequencePkts.10.160.97.0","A"
"706","pmRtpOutOfSequencePkts.10.160.98.0","A"
"707","pmRtpOutOfSequencePkts.10.160.77.0","A"
"708","pmRtpOutOfSequencePkts.10.160.96.0","A"
"709","pmRtpOutOfSequencePkts.10.160.39.0","A"
"710","pmRtpOutOfSequencePkts.10.160.72.0","A"
"711","pmRtpOutOfSequencePkts.10.160.82.0","A"
"712","pmRtpOutOfSequencePkts.10.160.34.0","A"
"713","pmRtpOutOfSequencePkts.10.160.99.0","A"
"714","pmRtpOutOfSequencePkts.10.160.17.0","A"
"715","pmRtpOutOfSequencePkts.10.160.4.0","A"
"716","pmProcessorLoad.MSE1-7","G"
"717","pmProcessorLoad.MSE1-20","G"
"718","pmProcessorLoad.MSE1-18","G"
"719","pmProcessorLoad.MSE1-8","G"
"720","pmProcessorLoad.MSE1-9","G"
"721","pmProcessorLoad.MSE1-10","G"
"722","pmProcessorLoad.MSE1-19","G"
"723","pmProcessorLoad.MSE1-11","G"
"724","pmProcessorLoad.MSE1-21","G"
"725","pmProcessorLoad.MSE1-22","G"
"726","pmProcessorLoad.MSE1-17","G"
"727","pmProcessorLoad.MSE1-6","G"
"728","pmProcessorLoad.CTRL-17","G"
"729","pmProcessorLoad.CTRL-19","G"
"730","pmProcessorLoad.CTRL-18","G"
"731","pmIfStatsIpInDiscards.BGF3_CTRL_25","D"
"732","pmIfStatsIpOutDiscards.MRFP_CTRL-4_Media","D"
"733","pmIfStatsIpInDiscards.BGF3_CTRL_4","D"
"734","pmIfStatsIpAddrErrors.MRFP_CTRL-4_Sig","D"
"735","pmIfStatsIpInReceives.BGF1_CTRL_25","D"
"736","pmIfStatsIpOutDiscards.MRFP_CTRL-25_Sig","D"
"737","pmIfStatsIpAddrErrors.MRFP_CTRL-4_Media","D"
"738","pmIfStatsIpAddrErrors.BGF3_CTRL_4","D"
"739","pmIpInUnknownProtos.BGF1_CTRL-17","D"
"740","pmIfStatsIpOutDiscards.BGF1_CTRL_25","D"
"741","pmIfStatsIpInReceives.BGF3_CTRL_4","D"
"742","pmIfStatsIpAddrErrors.MRFP_CTRL-25_Media","D"
"743","pmIfStatsIpInHdrErrors.BGF3_CTRL_25","D"
"744","pmIfStatsIpInHdrErrors.BGF1_CTRL_4","D"
"745","pmIpInReceives.MAIN-19_MRFP_SIG","D"
"746","pmIpInAddrErrors.BGF3_CTRL-19","D"
"747","pmIfStatsIpOutRequests.BGF3_CTRL_25","D"
"748","pmIfStatsIpInDiscards.BGF1_CTRL_4","D"
"749","pmIfStatsIpInHdrErrors.MRFP_CTRL-4_Media","D"
"750","pmIfStatsIpInDiscards.MRFP_CTRL-4_Sig","D"
"751","pmIpInDelivers.BGF1_CTRL-17","D"
"752","pmIfStatsIpUnknownProtos.BGF1_CTRL_4","D"
"753","pmIfStatsIpOutRequests.BGF3_CTRL_4","D"
"754","pmIpInAddrErrors.BGF1_CTRL-17","D"
"755","pmIpOutDiscards.BGF1_CTRL-17","D"
"756","pmIpInReceives.BGF1_CTRL-17","D"
"757","pmIfStatsIpInDiscards.MRFP_CTRL-25_Sig","D"
"758","pmIfStatsIpUnknownProtos.BGF3_CTRL_4","D"
"759","pmIfStatsIpInHdrErrors.MRFP_CTRL-25_Sig","D"
"760","pmIfStatsIpInReceives.BGF1_CTRL_4","D"
"761","pmIfStatsIpUnknownProtos.BGF1_CTRL_25","D"
"762","pmIpInUnknownProtos.BGF3_CTRL-19","D"
"763","pmIpInAddrErrors.MAIN-19_MRFP_SIG","D"
"764","pmIfStatsIpInDiscards.MRFP_CTRL-4_Media","D"
"765","pmIfStatsIpOutDiscards.BGF1_CTRL_4","D"
"766","pmIfStatsIpUnknownProtos.MRFP_CTRL-25_Media","D"
"767","pmIfStatsIpOutRequests.MRFP_CTRL-4_Sig","D"
"768","pmIpOutRequests.BGF3_CTRL-19","D"
"769","pmIfStatsIpInReceives.MRFP_CTRL-4_Sig","D"
"770","pmIfStatsIpOutDiscards.MRFP_CTRL-25_Media","D"
"771","pmIfStatsIpInHdrErrors.BGF3_CTRL_4","D"
"772","pmIpInDelivers.BGF3_CTRL-19","D"
"773","pmIpInHdrErrors.BGF1_CTRL-17","D"
"774","pmIpInHdrErrors.BGF3_CTRL-19","D"
"775","pmIfStatsIpInDiscards.MRFP_CTRL-25_Media","D"
"776","pmIfStatsIpOutRequests.BGF1_CTRL_25","D"
"777","pmIfStatsIpInDiscards.BGF1_CTRL_25","D"
"778","pmIpInReceives.BGF3_CTRL-19","D"
"779","pmIfStatsIpUnknownProtos.BGF3_CTRL_25","D"
"780","pmIpInDiscards.BGF1_CTRL-17","D"
"781","pmIfStatsIpInHdrErrors.MRFP_CTRL-4_Sig","D"
"782","pmIpOutDiscards.BGF3_CTRL-19","D"
"783","pmIfStatsIpOutDiscards.BGF3_CTRL_25","D"
"784","pmIpOutRequests.MAIN-19_MRFP_SIG","D"
"785","pmIpOutRequests.BGF1_CTRL-17","D"
"786","pmIfStatsIpInHdrErrors.BGF1_CTRL_25","D"
"787","pmIpInDelivers.MAIN-19_MRFP_SIG","D"
"788","pmIpInUnknownProtos.MAIN-19_MRFP_SIG","D"
"789","pmIfStatsIpUnknownProtos.MRFP_CTRL-4_Media","D"
"790","pmIfStatsIpInReceives.MRFP_CTRL-25_Media","D"
"791","pmIpOutDiscards.MAIN-19_MRFP_SIG","D"
"792","pmIfStatsIpOutDiscards.MRFP_CTRL-4_Sig","D"
"793","pmIfStatsIpOutRequests.BGF1_CTRL_4","D"
"794","pmIfStatsIpUnknownProtos.MRFP_CTRL-25_Sig","D"
"795","pmIfStatsIpOutDiscards.BGF3_CTRL_4","D"
"796","pmIfStatsIpAddrErrors.BGF1_CTRL_25","D"
"797","pmIpInHdrErrors.MAIN-19_MRFP_SIG","D"
"798","pmIfStatsIpInHdrErrors.MRFP_CTRL-25_Media","D"
"799","pmIfStatsIpAddrErrors.BGF3_CTRL_25","D"
"800","pmIfStatsIpOutRequests.MRFP_CTRL-25_Sig","D"
"801","pmIfStatsIpInReceives.MRFP_CTRL-4_Media","D"
"802","pmIfStatsIpOutRequests.MRFP_CTRL-25_Media","D"
"803","pmIfStatsIpAddrErrors.MRFP_CTRL-25_Sig","D"
"804","pmIpInDiscards.BGF3_CTRL-19","D"
"805","pmIfStatsIpOutRequests.MRFP_CTRL-4_Media","D"
"806","pmIpInDiscards.MAIN-19_MRFP_SIG","D"
"807","pmIfStatsIpUnknownProtos.MRFP_CTRL-4_Sig","D"
"808","pmIfStatsIpAddrErrors.BGF1_CTRL_4","D"
"809","pmIfStatsIpInReceives.BGF3_CTRL_25","D"
"810","pmIfStatsIpInReceives.MRFP_CTRL-25_Sig","D"
"811","pmIpInUnknownProtos.CTRL-4_10.14.11.84","D"
"812","pmIpOutDiscards.CTRL-4_10.14.11.84","D"
"813","IPQoS.CTRL-4_10.14.11.84","O"
"814","pmIpInDelivers.CTRL-4_10.14.11.84","D"
"815","pmIpInAddrErrors.CTRL-4_10.14.11.84","D"
"816","pmIpPortUnreachable.CTRL-4_10.14.11.84","D"
"817","pmIpInDiscards.CTRL-4_10.14.11.84","D"
"818","pmIpOutRequests.CTRL-4_10.14.11.84","D"
"819","pmIpInHdrErrors.CTRL-4_10.14.11.84","D"
"820","pmIpInReceives.CTRL-4_10.14.11.84","D"
"821","pmIpOutDiscards.CTRL-25_10.14.11.85","D"
"822","pmIpInDiscards.CTRL-25_10.14.11.85","D"
"823","pmIpOutRequests.CTRL-25_10.14.11.85","D"
"824","pmIpInHdrErrors.CTRL-25_10.14.11.85","D"
"825","pmIpInUnknownProtos.CTRL-25_10.14.11.85","D"
"826","pmIpPortUnreachable.CTRL-25_10.14.11.85","D"
"827","pmIpInAddrErrors.CTRL-25_10.14.11.85","D"
"828","pmIpInReceives.CTRL-25_10.14.11.85","D"
"829","pmIpInDelivers.CTRL-25_10.14.11.85","D"
"830","IPQoS.CTRL-25_10.14.11.85","O"
"831","IPQoS.BGF3_CTRL-19","O"
"832","IPQoS.BGF1_CTRL-17","O"
"833","ErrorRate.BGF3_CTRL_4","O"
"834","IPInDiscards.BGF3_CTRL_25","O"
"835","ErrorRate.BGF1_CTRL_4","O"
"836","IPInDiscards.BGF1_CTRL_25","O"
"837","IPOutDiscards.BGF1_CTRL_25","O"
"838","IPOutDiscards.BGF3_CTRL_25","O"
"839","ErrorRate.BGF3_CTRL_25","O"
"840","IPInDiscards.BGF1_CTRL_4","O"
"841","IPOutDiscards.BGF3_CTRL_4","O"
"842","ErrorRate.BGF1_CTRL_25","O"
"843","IPOutDiscards.BGF1_CTRL_4","O"
"844","IPInDiscards.BGF3_CTRL_4","O"
"845","pmIpInAddrErrors.BGF2_CTRL-18","D"
"846","pmIpInReceives.BGF2_CTRL-18","D"
"847","pmIfStatsIpInDiscards.BGF2_CTRL_25","D"
"848","pmIpInDelivers.BGF2_CTRL-18","D"
"849","pmIfStatsIpUnknownProtos.BGF2_CTRL_25","D"
"850","pmIfStatsIpOutRequests.BGF2_CTRL_4","D"
"851","pmIfStatsIpInHdrErrors.BGF2_CTRL_4","D"
"852","pmIfStatsIpAddrErrors.BGF2_CTRL_25","D"
"853","pmIpInHdrErrors.BGF2_CTRL-18","D"
"854","pmIpOutRequests.BGF2_CTRL-18","D"
"855","pmIpInDiscards.BGF2_CTRL-18","D"
"856","pmIfStatsIpInHdrErrors.BGF2_CTRL_25","D"
"857","pmIfStatsIpOutRequests.BGF2_CTRL_25","D"
"858","pmIpInUnknownProtos.BGF2_CTRL-18","D"
"859","pmIfStatsIpInDiscards.BGF2_CTRL_4","D"
"860","pmIfStatsIpAddrErrors.BGF2_CTRL_4","D"
"861","pmIfStatsIpInReceives.BGF2_CTRL_4","D"
"862","pmIfStatsIpOutDiscards.BGF2_CTRL_4","D"
"863","pmIpOutDiscards.BGF2_CTRL-18","D"
"864","pmIfStatsIpInReceives.BGF2_CTRL_25","D"
"865","pmIfStatsIpUnknownProtos.BGF2_CTRL_4","D"
"866","pmIfStatsIpOutDiscards.BGF2_CTRL_25","D"
"867","pmRtpReceivedOctetsLo.10.189.0.0","A"
"868","pmCallsWithRtpPacketLoss1.10.189.0.0","A"
"869","pmConnLatePktsRatio1.10.199.0.0","O"
"870","pmConnLatePktsRatio3.10.189.0.0","O"
"871","pmRtpDiscardedPkts.10.189.0.0","A"
"872","pmConnLatePktsRatio5.10.199.0.0","O"
"873","pmCallsWithRtpPacketLoss3.10.189.0.0","A"
"874","pmCallsWithRtpPacketLoss6.10.199.0.0","A"
"875","pmRtpReceivedDscpCongPackets.10.189.0.0","A"
"876","pmRtpSentPktsHi.10.199.0.0","A"
"877","pmCallsWithRtpPacketLoss0.10.189.0.0","A"
"878","pmRtpReceivedOctetsLo.10.199.0.0","A"
"879","pmConnLatePktsRatio0.10.189.0.0","O"
"880","pmRtpReceivedDscpCongPackets.10.199.0.0","A"
"881","pmConnLatePktsRatio4.10.199.0.0","O"
"882","pmCallsWithRtpPacketLoss2.10.199.0.0","A"
"883","pmRtpLostPkts.10.199.0.0","A"
"884","PktLoss.10.189.0.0","O"
"885","RTPLoss.10.199.0.0","O"
"886","pmCallsWithRtpPacketLoss1.10.199.0.0","A"
"887","pmNrOfAdmCtrlRejectedConnections.10.199.0.0","A"
"888","PktLoss.10.199.0.0","O"
"889","pmCallsWithRtpPacketLoss4.10.189.0.0","A"
"890","pmCallsWithRtpPacketLoss2.10.189.0.0","A"
"891","pmConnLatePktsRatio4.10.189.0.0","O"
"892","pmConnLatePktsRatio3.10.199.0.0","O"
"893","pmConnLatePktsRatio2.10.189.0.0","O"
"894","pmRtpSentOctetsLo.10.199.0.0","A"
"895","pmRtpSentPktsLo.10.199.0.0","A"
"896","pmCallsWithRtpPacketLoss5.10.189.0.0","A"
"897","pmRtpSentPktsLo.10.189.0.0","A"
"898","pmRtpSentOctetsHi.10.199.0.0","A"
"899","pmRtpSentPktsHi.10.189.0.0","A"
"900","pmRtpReceivedPktsLo.10.189.0.0","O"
"901","pmConnLatePktsRatio0.10.199.0.0","O"
"902","pmCallsWithRtpPacketLoss4.10.199.0.0","A"
"903","pmConnLatePktsRatio6.10.189.0.0","O"
"904","pmRtpSentOctetsHi.10.189.0.0","A"
"905","pmRtpSentOctetsLo.10.189.0.0","A"
"906","pmRtpLostPkts.10.189.0.0","A"
"907","pmCallsWithRtpPacketLoss3.10.199.0.0","A"
"908","pmNrOfAdmCtrlRejectedConnections.10.189.0.0","A"
"909","pmCallsWithRtpPacketLoss5.10.199.0.0","A"
"910","pmRtpOutOfSequencePkts.10.199.0.0","A"
"911","pmRtpReceivedPktsHi.10.199.0.0","O"
"912","pmConnLatePktsRatio5.10.189.0.0","O"
"913","pmConnLatePktsRatio6.10.199.0.0","O"
"914","pmConnLatePktsRatio1.10.189.0.0","O"
"915","pmRtpReceivedPkts.10.199.0.0","O"
"916","pmConnLatePktsRatio2.10.199.0.0","O"
"917","pmRtpReceivedOctetsHi.10.189.0.0","A"
"918","pmRtpReceivedPktsHi.10.189.0.0","O"
"919","pmRtpReceivedPktsLo.10.199.0.0","O"
"920","pmCallsWithRtpPacketLoss0.10.199.0.0","A"
"921","pmRtpReceivedOctetsHi.10.199.0.0","A"
"922","pmRtpDiscardedPkts.10.199.0.0","A"
"923","pmCallsWithRtpPacketLoss6.10.189.0.0","A"
"924","pmRtpReceivedPkts.10.189.0.0","O"
"925","pmRtpOutOfSequencePkts.10.189.0.0","A"
"926","IPInDiscards.BGF2_CTRL_4","O"
"927","ErrorRate.BGF2_CTRL_4","O"
"928","IPOutDiscards.BGF2_CTRL_4","O"
"929","IPInDiscards.BGF2_CTRL_25","O"
"930","IPQoS.BGF2_CTRL-18","O"
"931","IPOutDiscards.BGF2_CTRL_25","O"
"932","ErrorRate.BGF2_CTRL_25","O"
"933","pmCallsWithRtpPacketLoss3.10.199.174.0","A"
"934","PktLoss.10.199.184.0","O"
"935","pmRtpReceivedDscpCongPackets.10.189.14.0","A"
"936","pmConnLatePktsRatio0.10.189.34.0","O"
"937","pmCallsWithRtpPacketLoss5.10.189.34.0","A"
"938","pmRtpReceivedPktsLo.10.199.24.0","O"
"939","pmRtpSentOctetsHi.10.199.44.0","A"
"940","pmRtpSentPktsHi.10.199.234.0","A"
"941","pmCallsWithRtpPacketLoss5.10.199.204.0","A"
"942","pmCallsWithRtpPacketLoss0.10.199.212.0","A"
"943","pmRtpSentOctetsLo.10.189.34.0","A"
"944","pmRtpOutOfSequencePkts.10.199.222.0","A"
"945","pmConnLatePktsRatio1.10.199.24.0","O"
"946","PktLoss.10.199.192.0","O"
"947","pmRtpReceivedPkts.10.199.24.0","O"
"948","pmCallsWithRtpPacketLoss6.10.199.94.0","A"
"949","pmCallsWithRtpPacketLoss1.10.199.144.0","A"
"950","pmRtpReceivedPktsHi.10.199.94.0","O"
"951","pmConnLatePktsRatio5.10.199.74.0","O"
"952","pmRtpReceivedPkts.10.189.4.0","O"
"953","pmConnLatePktsRatio4.10.199.44.0","O"
"954","pmRtpSentPktsHi.10.199.212.0","A"
"955","pmRtpReceivedPktsHi.10.189.44.0","O"
"956","pmRtpSentOctetsLo.10.199.204.0","A"
"957","pmRtpReceivedDscpCongPackets.10.199.64.0","A"
"958","pmNrOfAdmCtrlRejectedConnections.10.199.64.0","A"
"959","pmConnLatePktsRatio6.10.199.174.0","O"
"960","pmConnLatePktsRatio3.10.199.224.0","O"
"961","pmConnLatePktsRatio5.10.199.194.0","O"
"962","pmCallsWithRtpPacketLoss2.10.199.44.0","A"
"963","pmRtpSentOctetsLo.10.199.144.0","A"
"964","pmRtpReceivedDscpCongPackets.10.199.232.0","A"
"965","pmRtpSentPktsHi.10.199.232.0","A"
"966","pmConnLatePktsRatio3.10.199.192.0","O"
"967","pmCallsWithRtpPacketLoss4.10.199.44.0","A"
"968","PktLoss.10.199.64.0","O"
"969","pmCallsWithRtpPacketLoss4.10.199.134.0","A"
"970","pmRtpSentOctetsLo.10.199.134.0","A"
"971","pmConnLatePktsRatio5.10.199.204.0","O"
"972","pmCallsWithRtpPacketLoss4.10.189.4.0","A"
"973","pmCallsWithRtpPacketLoss0.10.189.14.0","A"
"974","pmConnLatePktsRatio3.10.199.154.0","O"
"975","pmCallsWithRtpPacketLoss0.10.199.214.0","A"
"976","pmRtpReceivedDscpCongPackets.10.199.222.0","A"
"977","pmCallsWithRtpPacketLoss1.10.199.114.0","A"
"978","pmRtpReceivedDscpCongPackets.10.189.34.0","A"
"979","pmRtpReceivedOctetsHi.10.199.222.0","A"
"980","pmRtpSentOctetsLo.10.189.64.0","A"
"981","pmRtpDiscardedPkts.10.199.64.0","A"
"982","pmRtpDiscardedPkts.10.199.214.0","A"
"983","pmConnLatePktsRatio3.10.199.74.0","O"
"984","pmRtpReceivedOctetsLo.10.199.222.0","A"
"985","pmRtpSentOctetsHi.10.199.224.0","A"
"986","pmRtpReceivedPktsHi.10.199.154.0","O"
"987","pmRtpReceivedPktsHi.10.199.144.0","O"
"988","pmConnLatePktsRatio4.10.199.144.0","O"
"989","pmConnLatePktsRatio2.10.199.44.0","O"
"990","pmConnLatePktsRatio0.10.199.204.0","O"
"991","pmCallsWithRtpPacketLoss6.10.199.234.0","A"
"992","pmConnLatePktsRatio6.10.189.14.0","O"
"993","pmConnLatePktsRatio4.10.199.154.0","O"
"994","pmConnLatePktsRatio6.10.199.74.0","O"
"995","pmRtpOutOfSequencePkts.10.189.34.0","A"
"996","pmConnLatePktsRatio3.10.189.34.0","O"
"997","pmCallsWithRtpPacketLoss0.10.199.222.0","A"
"998","pmRtpLostPkts.10.199.232.0","A"
"999","pmConnLatePktsRatio1.10.189.44.0","O"
"1000","pmConnLatePktsRatio4.10.199.192.0","O"
"1001","pmConnLatePktsRatio2.10.199.24.0","O"
"1002","pmConnLatePktsRatio5.10.199.24.0","O"
"1003","pmRtpReceivedOctetsLo.10.199.74.0","A"
"1004","RTPLoss.10.199.222.0","O"
"1005","pmRtpDiscardedPkts.10.199.94.0","A"
"1006","pmConnLatePktsRatio3.10.199.24.0","O"
"1007","pmRtpSentOctetsLo.10.199.74.0","A"
"1008","pmRtpReceivedDscpCongPackets.10.189.44.0","A"
"1009","pmRtpSentPktsHi.10.189.64.0","A"
"1010","pmConnLatePktsRatio4.10.199.94.0","O"
"1011","pmRtpSentPktsLo.10.199.184.0","A"
"1012","pmRtpReceivedPkts.10.199.94.0","O"
"1013","pmConnLatePktsRatio3.10.199.204.0","O"
"1014","pmRtpReceivedOctetsLo.10.199.174.0","A"
"1015","pmRtpReceivedPkts.10.199.224.0","O"
"1016","PktLoss.10.189.34.0","O"
"1017","pmCallsWithRtpPacketLoss6.10.189.4.0","A"
"1018","pmConnLatePktsRatio5.10.199.134.0","O"
"1019","pmNrOfAdmCtrlRejectedConnections.10.199.212.0","A"
"1020","pmConnLatePktsRatio5.10.199.174.0","O"
"1021","pmRtpDiscardedPkts.10.199.234.0","A"
"1022","pmCallsWithRtpPacketLoss2.10.189.44.0","A"
"1023","pmRtpReceivedOctetsHi.10.199.232.0","A"
"1024","pmRtpSentOctetsLo.10.199.212.0","A"
"1025","pmConnLatePktsRatio1.10.199.212.0","O"
"1026","pmCallsWithRtpPacketLoss4.10.199.234.0","A"
"1027","pmCallsWithRtpPacketLoss2.10.199.174.0","A"
"1028","pmRtpReceivedPktsLo.10.199.224.0","O"
"1029","pmCallsWithRtpPacketLoss0.10.199.134.0","A"
"1030","pmRtpSentOctetsLo.10.199.94.0","A"
"1031","pmRtpReceivedPktsLo.10.199.114.0","O"
"1032","PktLoss.10.199.114.0","O"
"1033","pmConnLatePktsRatio2.10.199.114.0","O"
"1034","PktLoss.10.189.64.0","O"
"1035","pmRtpReceivedPktsLo.10.189.14.0","O"
"1036","pmRtpSentPktsLo.10.199.44.0","A"
"1037","pmRtpSentOctetsHi.10.199.94.0","A"
"1038","pmRtpOutOfSequencePkts.10.199.184.0","A"
"1039","pmRtpSentPktsHi.10.199.94.0","A"
"1040","pmRtpLostPkts.10.199.114.0","A"
"1041","pmRtpReceivedOctetsLo.10.199.224.0","A"
"1042","pmNrOfAdmCtrlRejectedConnections.10.189.44.0","A"
"1043","pmConnLatePktsRatio3.10.199.174.0","O"
"1044","pmConnLatePktsRatio2.10.199.232.0","O"
"1045","pmConnLatePktsRatio4.10.199.114.0","O"
"1046","pmRtpReceivedOctetsHi.10.199.174.0","A"
"1047","pmRtpLostPkts.10.199.64.0","A"
"1048","pmCallsWithRtpPacketLoss0.10.199.144.0","A"
"1049","pmConnLatePktsRatio3.10.199.232.0","O"
"1050","pmCallsWithRtpPacketLoss4.10.199.214.0","A"
"1051","pmRtpSentPktsLo.10.199.204.0","A"
"1052","pmCallsWithRtpPacketLoss1.10.199.224.0","A"
"1053","pmRtpReceivedPktsHi.10.199.24.0","O"
"1054","pmRtpReceivedOctetsLo.10.189.4.0","A"
"1055","PktLoss.10.199.154.0","O"
"1056","pmCallsWithRtpPacketLoss6.10.199.224.0","A"
"1057","pmCallsWithRtpPacketLoss6.10.189.44.0","A"
"1058","pmRtpReceivedOctetsLo.10.199.232.0","A"
"1059","pmNrOfAdmCtrlRejectedConnections.10.199.154.0","A"
"1060","pmConnLatePktsRatio1.10.199.74.0","O"
"1061","pmRtpReceivedPktsLo.10.199.154.0","O"
"1062","pmCallsWithRtpPacketLoss1.10.199.232.0","A"
"1063","pmCallsWithRtpPacketLoss3.10.199.224.0","A"
"1064","pmNrOfAdmCtrlRejectedConnections.10.199.204.0","A"
"1065","pmRtpSentPktsLo.10.199.24.0","A"
"1066","pmRtpSentOctetsLo.10.189.44.0","A"
"1067","pmRtpReceivedOctetsLo.10.199.94.0","A"
"1068","pmRtpDiscardedPkts.10.199.144.0","A"
"1069","pmConnLatePktsRatio6.10.199.184.0","O"
"1070","pmNrOfAdmCtrlRejectedConnections.10.189.34.0","A"
"1071","pmConnLatePktsRatio3.10.199.144.0","O"
"1072","pmRtpReceivedPktsLo.10.199.74.0","O"
"1073","pmRtpReceivedPktsHi.10.199.64.0","O"
"1074","pmConnLatePktsRatio0.10.189.14.0","O"
"1075","pmRtpSentPktsLo.10.199.222.0","A"
"1076","pmRtpDiscardedPkts.10.189.14.0","A"
"1077","pmCallsWithRtpPacketLoss6.10.199.214.0","A"
"1078","pmRtpReceivedPktsHi.10.189.64.0","O"
"1079","pmRtpSentPktsHi.10.199.174.0","A"
"1080","pmCallsWithRtpPacketLoss6.10.199.212.0","A"
"1081","pmConnLatePktsRatio6.10.199.194.0","O"
"1082","pmCallsWithRtpPacketLoss6.10.199.204.0","A"
"1083","pmConnLatePktsRatio6.10.189.4.0","O"
"1084","pmRtpReceivedPktsLo.10.199.232.0","O"
"1085","pmCallsWithRtpPacketLoss6.10.199.144.0","A"
"1086","pmCallsWithRtpPacketLoss5.10.189.44.0","A"
"1087","pmCallsWithRtpPacketLoss2.10.199.74.0","A"
"1088","pmRtpSentOctetsHi.10.189.34.0","A"
"1089","pmRtpReceivedPktsLo.10.189.44.0","O"
"1090","pmCallsWithRtpPacketLoss2.10.199.114.0","A"
"1091","pmCallsWithRtpPacketLoss6.10.189.64.0","A"
"1092","pmConnLatePktsRatio4.10.189.4.0","O"
"1093","pmConnLatePktsRatio3.10.189.4.0","O"
"1094","pmConnLatePktsRatio1.10.199.184.0","O"
"1095","pmConnLatePktsRatio5.10.199.192.0","O"
"1096","pmRtpSentOctetsLo.10.199.222.0","A"
"1097","pmCallsWithRtpPacketLoss6.10.199.114.0","A"
"1098","pmRtpDiscardedPkts.10.199.44.0","A"
"1099","pmRtpSentPktsHi.10.199.224.0","A"
"1100","pmRtpReceivedDscpCongPackets.10.189.4.0","A"
"1101","pmRtpSentPktsLo.10.199.174.0","A"
"1102","pmRtpSentOctetsHi.10.199.212.0","A"
"1103","pmRtpReceivedOctetsHi.10.189.14.0","A"
"1104","pmRtpSentPktsLo.10.199.154.0","A"
"1105","pmRtpDiscardedPkts.10.199.232.0","A"
"1106","pmRtpReceivedOctetsHi.10.199.114.0","A"
"1107","pmCallsWithRtpPacketLoss4.10.189.44.0","A"
"1108","pmRtpSentOctetsLo.10.199.114.0","A"
"1109","pmRtpSentPktsHi.10.199.192.0","A"
"1110","pmRtpOutOfSequencePkts.10.199.204.0","A"
"1111","pmCallsWithRtpPacketLoss2.10.199.94.0","A"
"1112","pmCallsWithRtpPacketLoss3.10.189.4.0","A"
"1113","pmRtpDiscardedPkts.10.199.154.0","A"
"1114","pmRtpReceivedPkts.10.199.44.0","O"
"1115","pmRtpReceivedDscpCongPackets.10.189.64.0","A"
"1116","pmCallsWithRtpPacketLoss1.10.199.24.0","A"
"1117","pmConnLatePktsRatio0.10.199.184.0","O"
"1118","pmRtpReceivedPktsHi.10.199.232.0","O"
"1119","PktLoss.10.199.74.0","O"
"1120","pmCallsWithRtpPacketLoss3.10.199.184.0","A"
"1121","pmNrOfAdmCtrlRejectedConnections.10.199.174.0","A"
"1122","pmCallsWithRtpPacketLoss3.10.189.34.0","A"
"1123","pmCallsWithRtpPacketLoss0.10.199.74.0","A"
"1124","pmRtpOutOfSequencePkts.10.189.44.0","A"
"1125","PktLoss.10.199.174.0","O"
"1126","pmRtpSentOctetsHi.10.189.64.0","A"
"1127","pmRtpSentPktsHi.10.189.44.0","A"
"1128","pmConnLatePktsRatio0.10.199.134.0","O"
"1129","pmRtpReceivedPkts.10.189.34.0","O"
"1130","pmRtpReceivedPktsHi.10.199.204.0","O"
"1131","pmCallsWithRtpPacketLoss5.10.199.234.0","A"
"1132","pmConnLatePktsRatio2.10.189.64.0","O"
"1133","pmCallsWithRtpPacketLoss5.10.199.184.0","A"
"1134","pmConnLatePktsRatio3.10.189.14.0","O"
"1135","pmCallsWithRtpPacketLoss0.10.199.232.0","A"
"1136","pmRtpReceivedOctetsLo.10.199.234.0","A"
"1137","pmRtpDiscardedPkts.10.199.24.0","A"
"1138","pmRtpReceivedPktsLo.10.189.4.0","O"
"1139","pmRtpSentPktsHi.10.199.214.0","A"
"1140","pmRtpReceivedOctetsLo.10.199.114.0","A"
"1141","pmRtpDiscardedPkts.10.199.222.0","A"
"1142","pmCallsWithRtpPacketLoss3.10.199.234.0","A"
"1143","pmCallsWithRtpPacketLoss5.10.199.174.0","A"
"1144","pmRtpReceivedPktsHi.10.189.34.0","O"
"1145","pmCallsWithRtpPacketLoss5.10.189.64.0","A"
"1146","pmConnLatePktsRatio4.10.189.14.0","O"
"1147","pmCallsWithRtpPacketLoss2.10.199.194.0","A"
"1148","pmRtpReceivedPktsLo.10.199.174.0","O"
"1149","pmRtpSentPktsLo.10.199.144.0","A"
"1150","pmCallsWithRtpPacketLoss2.10.199.224.0","A"
"1151","pmCallsWithRtpPacketLoss1.10.199.234.0","A"
"1152","pmCallsWithRtpPacketLoss1.10.199.192.0","A"
"1153","pmRtpReceivedOctetsHi.10.199.64.0","A"
"1154","pmCallsWithRtpPacketLoss2.10.189.4.0","A"
"1155","pmCallsWithRtpPacketLoss2.10.199.192.0","A"
"1156","pmCallsWithRtpPacketLoss2.10.199.234.0","A"
"1157","pmRtpReceivedOctetsHi.10.199.194.0","A"
"1158","pmRtpLostPkts.10.199.144.0","A"
"1159","pmCallsWithRtpPacketLoss5.10.199.222.0","A"
"1160","pmConnLatePktsRatio6.10.199.222.0","O"
"1161","pmRtpSentOctetsLo.10.189.14.0","A"
"1162","pmRtpLostPkts.10.199.204.0","A"
"1163","pmConnLatePktsRatio2.10.199.234.0","O"
"1164","pmRtpSentOctetsHi.10.199.114.0","A"
"1165","pmConnLatePktsRatio5.10.199.222.0","O"
"1166","pmRtpLostPkts.10.189.64.0","A"
"1167","pmConnLatePktsRatio0.10.189.64.0","O"
"1168","pmRtpReceivedPktsLo.10.199.44.0","O"
"1169","pmCallsWithRtpPacketLoss1.10.199.74.0","A"
"1170","pmRtpReceivedPktsLo.10.199.204.0","O"
"1171","pmConnLatePktsRatio2.10.189.14.0","O"
"1172","pmRtpOutOfSequencePkts.10.199.232.0","A"
"1173","pmCallsWithRtpPacketLoss1.10.189.14.0","A"
"1174","pmRtpOutOfSequencePkts.10.199.64.0","A"
"1175","pmCallsWithRtpPacketLoss5.10.199.192.0","A"
"1176","pmRtpLostPkts.10.199.224.0","A"
"1177","pmNrOfAdmCtrlRejectedConnections.10.199.74.0","A"
"1178","pmRtpSentOctetsHi.10.199.234.0","A"
"1179","pmRtpDiscardedPkts.10.189.34.0","A"
"1180","pmCallsWithRtpPacketLoss0.10.189.34.0","A"
"1181","pmConnLatePktsRatio3.10.189.44.0","O"
"1182","pmCallsWithRtpPacketLoss4.10.199.114.0","A"
"1183","pmRtpReceivedDscpCongPackets.10.199.114.0","A"
"1184","PktLoss.10.199.194.0","O"
"1185","pmConnLatePktsRatio6.10.189.44.0","O"
"1186","pmConnLatePktsRatio5.10.199.114.0","O"
"1187","pmRtpSentOctetsHi.10.199.24.0","A"
"1188","pmRtpSentOctetsHi.10.199.64.0","A"
"1189","pmConnLatePktsRatio1.10.189.4.0","O"
"1190","pmRtpReceivedOctetsHi.10.199.204.0","A"
"1191","pmConnLatePktsRatio0.10.189.4.0","O"
"1192","pmRtpReceivedPkts.10.199.212.0","O"
"1193","pmConnLatePktsRatio5.10.189.64.0","O"
"1194","pmRtpSentPktsLo.10.199.232.0","A"
"1195","pmRtpSentOctetsLo.10.199.214.0","A"
"1196","pmRtpReceivedPktsHi.10.199.192.0","O"
"1197","pmConnLatePktsRatio2.10.189.34.0","O"
"1198","pmConnLatePktsRatio1.10.199.224.0","O"
"1199","pmRtpReceivedOctetsLo.10.199.154.0","A"
"1200","pmRtpReceivedPktsLo.10.199.222.0","O"
"1201","pmConnLatePktsRatio4.10.199.194.0","O"
"1202","pmConnLatePktsRatio5.10.199.64.0","O"
"1203","pmRtpLostPkts.10.189.34.0","A"
"1204","pmConnLatePktsRatio4.10.199.134.0","O"
"1205","pmNrOfAdmCtrlRejectedConnections.10.199.144.0","A"
"1206","pmRtpLostPkts.10.189.44.0","A"
"1207","pmConnLatePktsRatio6.10.199.64.0","O"
"1208","pmCallsWithRtpPacketLoss0.10.199.204.0","A"
"1209","pmConnLatePktsRatio5.10.199.44.0","O"
"1210","pmCallsWithRtpPacketLoss3.10.199.232.0","A"
"1211","pmConnLatePktsRatio2.10.199.134.0","O"
"1212","pmNrOfAdmCtrlRejectedConnections.10.199.232.0","A"
"1213","pmRtpLostPkts.10.199.192.0","A"
"1214","pmCallsWithRtpPacketLoss6.10.199.74.0","A"
"1215","pmRtpDiscardedPkts.10.199.184.0","A"
"1216","pmRtpSentOctetsHi.10.189.14.0","A"
"1217","pmNrOfAdmCtrlRejectedConnections.10.199.214.0","A"
"1218","pmCallsWithRtpPacketLoss4.10.189.14.0","A"
"1219","pmConnLatePktsRatio2.10.199.174.0","O"
"1220","pmRtpOutOfSequencePkts.10.199.24.0","A"
"1221","pmRtpReceivedOctetsHi.10.199.184.0","A"
"1222","pmConnLatePktsRatio5.10.199.154.0","O"
"1223","pmConnLatePktsRatio1.10.199.44.0","O"
"1224","pmRtpOutOfSequencePkts.10.199.144.0","A"
"1225","pmRtpReceivedPktsHi.10.199.194.0","O"
"1226","pmRtpSentPktsHi.10.199.24.0","A"
"1227","PktLoss.10.199.44.0","O"
"1228","pmCallsWithRtpPacketLoss3.10.199.214.0","A"
"1229","PktLoss.10.199.204.0","O"
"1230","pmCallsWithRtpPacketLoss1.10.189.64.0","A"
"1231","pmRtpDiscardedPkts.10.189.44.0","A"
"1232","pmRtpSentPktsLo.10.199.194.0","A"
"1233","pmConnLatePktsRatio1.10.199.154.0","O"
"1234","pmConnLatePktsRatio0.10.199.214.0","O"
"1235","pmRtpSentOctetsHi.10.199.192.0","A"
"1236","pmConnLatePktsRatio4.10.199.214.0","O"
"1237","pmRtpReceivedPkts.10.199.134.0","O"
"1238","pmConnLatePktsRatio2.10.199.222.0","O"
"1239","PktLoss.10.199.222.0","O"
"1240","pmRtpSentPktsHi.10.189.34.0","A"
"1241","pmRtpReceivedPktsLo.10.199.234.0","O"
"1242","pmRtpReceivedPktsLo.10.199.194.0","O"
"1243","pmRtpSentPktsHi.10.199.114.0","A"
"1244","pmConnLatePktsRatio0.10.199.192.0","O"
"1245","pmCallsWithRtpPacketLoss1.10.199.94.0","A"
"1246","pmRtpSentPktsHi.10.199.222.0","A"
"1247","pmRtpReceivedPkts.10.199.214.0","O"
"1248","pmRtpReceivedPktsHi.10.199.214.0","O"
"1249","pmRtpReceivedPkts.10.199.232.0","O"
"1250","pmRtpReceivedPkts.10.199.114.0","O"
"1251","pmCallsWithRtpPacketLoss5.10.199.94.0","A"
"1252","pmConnLatePktsRatio1.10.199.234.0","O"
"1253","pmRtpOutOfSequencePkts.10.199.94.0","A"
"1254","pmRtpReceivedOctetsLo.10.189.34.0","A"
"1255","pmConnLatePktsRatio2.10.199.64.0","O"
"1256","pmConnLatePktsRatio0.10.199.174.0","O"
"1257","pmRtpSentOctetsHi.10.199.194.0","A"
"1258","PktLoss.10.199.144.0","O"
"1259","pmRtpSentOctetsLo.10.199.234.0","A"
"1260","pmCallsWithRtpPacketLoss0.10.189.64.0","A"
"1261","pmNrOfAdmCtrlRejectedConnections.10.199.114.0","A"
"1262","pmConnLatePktsRatio1.10.199.64.0","O"
"1263","pmRtpDiscardedPkts.10.189.4.0","A"
"1264","pmCallsWithRtpPacketLoss1.10.199.194.0","A"
"1265","pmRtpReceivedPktsLo.10.199.214.0","O"
"1266","pmCallsWithRtpPacketLoss3.10.189.14.0","A"
"1267","pmConnLatePktsRatio6.10.199.24.0","O"
"1268","pmConnLatePktsRatio4.10.199.74.0","O"
"1269","pmCallsWithRtpPacketLoss3.10.199.194.0","A"
"1270","pmConnLatePktsRatio4.10.189.34.0","O"
"1271","PktLoss.10.189.4.0","O"
"1272","pmConnLatePktsRatio5.10.189.4.0","O"
"1273","pmRtpSentPktsHi.10.199.154.0","A"
"1274","pmRtpReceivedDscpCongPackets.10.199.212.0","A"
"1275","pmConnLatePktsRatio5.10.199.212.0","O"
"1276","pmRtpReceivedPkts.10.199.222.0","O"
"1277","pmRtpReceivedOctetsLo.10.199.204.0","A"
"1278","pmConnLatePktsRatio4.10.199.212.0","O"
"1279","pmCallsWithRtpPacketLoss3.10.199.74.0","A"
"1280","pmCallsWithRtpPacketLoss1.10.189.34.0","A"
"1281","pmCallsWithRtpPacketLoss1.10.199.44.0","A"
"1282","pmRtpReceivedPkts.10.199.74.0","O"
"1283","pmConnLatePktsRatio1.10.199.174.0","O"
"1284","pmCallsWithRtpPacketLoss2.10.199.24.0","A"
"1285","pmConnLatePktsRatio1.10.199.114.0","O"
"1286","pmRtpReceivedDscpCongPackets.10.199.74.0","A"
"1287","pmCallsWithRtpPacketLoss0.10.199.184.0","A"
"1288","pmCallsWithRtpPacketLoss5.10.199.212.0","A"
"1289","PktLoss.10.189.44.0","O"
"1290","pmConnLatePktsRatio0.10.199.232.0","O"
"1291","pmRtpReceivedOctetsHi.10.199.74.0","A"
"1292","pmCallsWithRtpPacketLoss3.10.199.222.0","A"
"1293","pmConnLatePktsRatio3.10.199.212.0","O"
"1294","pmRtpSentOctetsLo.10.199.184.0","A"
"1295","pmConnLatePktsRatio0.10.199.114.0","O"
"1296","pmCallsWithRtpPacketLoss3.10.199.134.0","A"
"1297","pmCallsWithRtpPacketLoss6.10.199.192.0","A"
"1298","pmNrOfAdmCtrlRejectedConnections.10.199.192.0","A"
"1299","pmConnLatePktsRatio1.10.199.214.0","O"
"1300","pmRtpLostPkts.10.199.184.0","A"
"1301","pmRtpSentOctetsLo.10.199.44.0","A"
"1302","pmNrOfAdmCtrlRejectedConnections.10.199.44.0","A"
"1303","pmRtpReceivedOctetsHi.10.199.154.0","A"
"1304","pmRtpReceivedPktsHi.10.199.74.0","O"
"1305","pmConnLatePktsRatio0.10.199.194.0","O"
"1306","pmRtpOutOfSequencePkts.10.199.212.0","A"
"1307","pmRtpOutOfSequencePkts.10.199.194.0","A"
"1308","pmRtpReceivedOctetsHi.10.199.224.0","A"
"1309","PktLoss.10.199.212.0","O"
"1310","pmRtpReceivedDscpCongPackets.10.199.192.0","A"
"1311","pmRtpSentOctetsLo.10.199.232.0","A"
"1312","pmRtpReceivedOctetsHi.10.199.24.0","A"
"1313","pmRtpDiscardedPkts.10.199.134.0","A"
"1314","pmRtpReceivedDscpCongPackets.10.199.204.0","A"
"1315","pmCallsWithRtpPacketLoss0.10.199.94.0","A"
"1316","pmRtpReceivedOctetsLo.10.199.184.0","A"
"1317","pmCallsWithRtpPacketLoss5.10.199.154.0","A"
"1318","pmNrOfAdmCtrlRejectedConnections.10.199.94.0","A"
"1319","pmRtpSentOctetsLo.10.199.154.0","A"
"1320","pmConnLatePktsRatio1.10.199.144.0","O"
"1321","pmRtpReceivedPktsHi.10.199.234.0","O"
"1322","pmRtpDiscardedPkts.10.189.64.0","A"
"1323","pmCallsWithRtpPacketLoss4.10.199.194.0","A"
"1324","pmRtpReceivedDscpCongPackets.10.199.94.0","A"
"1325","pmRtpReceivedPktsLo.10.189.34.0","O"
"1326","pmConnLatePktsRatio3.10.199.184.0","O"
"1327","pmRtpDiscardedPkts.10.199.74.0","A"
"1328","pmRtpReceivedOctetsLo.10.199.212.0","A"
"1329","pmCallsWithRtpPacketLoss5.10.199.44.0","A"
"1330","pmConnLatePktsRatio0.10.199.212.0","O"
"1331","PktLoss.10.199.232.0","O"
"1332","pmConnLatePktsRatio4.10.199.174.0","O"
"1333","pmConnLatePktsRatio6.10.199.214.0","O"
"1334","pmCallsWithRtpPacketLoss5.10.199.114.0","A"
"1335","pmConnLatePktsRatio0.10.199.222.0","O"
"1336","pmRtpSentPktsLo.10.199.94.0","A"
"1337","pmCallsWithRtpPacketLoss3.10.199.192.0","A"
"1338","pmRtpDiscardedPkts.10.199.224.0","A"
"1339","pmRtpSentOctetsHi.10.199.232.0","A"
"1340","pmConnLatePktsRatio0.10.199.94.0","O"
"1341","pmCallsWithRtpPacketLoss5.10.199.134.0","A"
"1342","pmRtpSentOctetsHi.10.199.222.0","A"
"1343","pmCallsWithRtpPacketLoss1.10.199.174.0","A"
"1344","pmRtpReceivedDscpCongPackets.10.199.184.0","A"
"1345","pmConnLatePktsRatio1.10.199.134.0","O"
"1346","pmCallsWithRtpPacketLoss4.10.189.64.0","A"
"1347","pmCallsWithRtpPacketLoss5.10.199.144.0","A"
"1348","pmCallsWithRtpPacketLoss6.10.189.34.0","A"
"1349","pmRtpOutOfSequencePkts.10.199.134.0","A"
"1350","pmCallsWithRtpPacketLoss1.10.199.214.0","A"
"1351","pmRtpReceivedPktsLo.10.199.212.0","O"
"1352","pmConnLatePktsRatio6.10.199.154.0","O"
"1353","pmConnLatePktsRatio6.10.199.94.0","O"
"1354","pmRtpReceivedPktsLo.10.199.144.0","O"
"1355","pmRtpReceivedDscpCongPackets.10.199.24.0","A"
"1356","pmConnLatePktsRatio6.10.199.232.0","O"
"1357","pmCallsWithRtpPacketLoss1.10.199.64.0","A"
"1358","pmRtpReceivedPkts.10.199.144.0","O"
"1359","pmConnLatePktsRatio3.10.199.234.0","O"
"1360","pmRtpLostPkts.10.199.234.0","A"
"1361","pmConnLatePktsRatio3.10.199.214.0","O"
"1362","pmCallsWithRtpPacketLoss4.10.199.24.0","A"
"1363","pmCallsWithRtpPacketLoss6.10.199.184.0","A"
"1364","pmCallsWithRtpPacketLoss0.10.199.24.0","A"
"1365","pmRtpDiscardedPkts.10.199.114.0","A"
"1366","pmRtpSentPktsLo.10.199.214.0","A"
"1367","pmConnLatePktsRatio1.10.189.64.0","O"
"1368","pmRtpOutOfSequencePkts.10.199.192.0","A"
"1369","pmRtpSentPktsHi.10.189.14.0","A"
"1370","pmRtpSentOctetsLo.10.199.24.0","A"
"1371","pmConnLatePktsRatio2.10.199.144.0","O"
"1372","pmRtpReceivedDscpCongPackets.10.199.44.0","A"
"1373","pmConnLatePktsRatio6.10.199.114.0","O"
"1374","pmCallsWithRtpPacketLoss2.10.189.34.0","A"
"1375","pmCallsWithRtpPacketLoss2.10.199.144.0","A"
"1376","pmRtpReceivedOctetsHi.10.199.44.0","A"
"1377","pmCallsWithRtpPacketLoss5.10.199.194.0","A"
"1378","pmCallsWithRtpPacketLoss0.10.199.192.0","A"
"1379","pmCallsWithRtpPacketLoss1.10.199.212.0","A"
"1380","pmRtpOutOfSequencePkts.10.199.174.0","A"
"1381","pmConnLatePktsRatio0.10.199.74.0","O"
"1382","pmRtpReceivedOctetsHi.10.199.94.0","A"
"1383","pmRtpReceivedDscpCongPackets.10.199.224.0","A"
"1384","pmConnLatePktsRatio3.10.199.222.0","O"
"1385","pmNrOfAdmCtrlRejectedConnections.10.199.24.0","A"
"1386","pmCallsWithRtpPacketLoss6.10.199.154.0","A"
"1387","pmNrOfAdmCtrlRejectedConnections.10.199.194.0","A"
"1388","pmRtpReceivedPktsHi.10.199.134.0","O"
"1389","pmRtpReceivedPktsHi.10.189.14.0","O"
"1390","pmRtpReceivedOctetsLo.10.199.24.0","A"
"1391","pmCallsWithRtpPacketLoss0.10.199.234.0","A"
"1392","pmConnLatePktsRatio4.10.199.224.0","O"
"1393","pmRtpReceivedPkts.10.199.194.0","O"
"1394","pmCallsWithRtpPacketLoss5.10.189.4.0","A"
"1395","pmCallsWithRtpPacketLoss2.10.199.232.0","A"
"1396","pmCallsWithRtpPacketLoss4.10.199.204.0","A"
"1397","pmRtpReceivedPktsHi.10.199.174.0","O"
"1398","pmNrOfAdmCtrlRejectedConnections.10.189.14.0","A"
"1399","pmRtpLostPkts.10.199.222.0","A"
"1400","pmRtpReceivedPkts.10.199.204.0","O"
"1401","pmConnLatePktsRatio6.10.189.34.0","O"
"1402","pmRtpSentPktsHi.10.199.194.0","A"
"1403","pmConnLatePktsRatio2.10.199.154.0","O"
"1404","pmRtpLostPkts.10.189.14.0","A"
"1405","pmRtpReceivedOctetsHi.10.199.192.0","A"
"1406","pmRtpLostPkts.10.199.134.0","A"
"1407","pmConnLatePktsRatio0.10.199.234.0","O"
"1408","pmRtpDiscardedPkts.10.199.192.0","A"
"1409","pmConnLatePktsRatio2.10.199.224.0","O"
"1410","pmConnLatePktsRatio5.10.189.34.0","O"
"1411","pmConnLatePktsRatio5.10.199.224.0","O"
"1412","PktLoss.10.199.134.0","O"
"1413","pmConnLatePktsRatio3.10.199.44.0","O"
"1414","pmRtpReceivedOctetsHi.10.189.64.0","A"
"1415","pmConnLatePktsRatio5.10.199.214.0","O"
"1416","pmRtpSentOctetsHi.10.199.214.0","A"
"1417","pmRtpDiscardedPkts.10.199.212.0","A"
"1418","pmCallsWithRtpPacketLoss5.10.199.214.0","A"
"1419","pmConnLatePktsRatio2.10.199.212.0","O"
"1420","pmRtpSentPktsHi.10.199.144.0","A"
"1421","pmRtpSentPktsLo.10.199.192.0","A"
"1422","pmRtpSentOctetsHi.10.189.4.0","A"
"1423","PktLoss.10.189.14.0","O"
"1424","pmCallsWithRtpPacketLoss5.10.199.24.0","A"
"1425","pmConnLatePktsRatio1.10.199.222.0","O"
"1426","pmCallsWithRtpPacketLoss4.10.199.144.0","A"
"1427","pmRtpSentPktsLo.10.189.44.0","A"
"1428","pmRtpReceivedPktsLo.10.199.184.0","O"
"1429","pmConnLatePktsRatio1.10.199.192.0","O"
"1430","pmRtpSentPktsLo.10.199.224.0","A"
"1431","pmRtpSentPktsHi.10.199.44.0","A"
"1432","pmRtpLostPkts.10.189.4.0","A"
"1433","pmRtpReceivedPktsHi.10.199.212.0","O"
"1434","pmRtpReceivedPktsLo.10.199.134.0","O"
"1435","pmConnLatePktsRatio2.10.199.214.0","O"
"1436","pmConnLatePktsRatio6.10.199.204.0","O"
"1437","pmNrOfAdmCtrlRejectedConnections.10.199.234.0","A"
"1438","pmRtpLostPkts.10.199.212.0","A"
"1439","pmRtpSentPktsLo.10.199.212.0","A"
"1440","pmCallsWithRtpPacketLoss0.10.199.154.0","A"
"1441","pmRtpLostPkts.10.199.214.0","A"
"1442","pmRtpSentOctetsLo.10.199.64.0","A"
"1443","pmCallsWithRtpPacketLoss0.10.189.4.0","A"
"1444","PktLoss.10.199.224.0","O"
"1445","pmRtpSentPktsLo.10.199.114.0","A"
"1446","pmConnLatePktsRatio6.10.199.134.0","O"
"1447","pmConnLatePktsRatio2.10.189.4.0","O"
"1448","pmConnLatePktsRatio4.10.199.24.0","O"
"1449","pmCallsWithRtpPacketLoss4.10.199.192.0","A"
"1450","pmRtpReceivedOctetsLo.10.189.64.0","A"
"1451","pmRtpReceivedPkts.10.199.184.0","O"
"1452","pmConnLatePktsRatio3.10.199.194.0","O"
"1453","pmRtpReceivedPkts.10.199.154.0","O"
"1454","pmCallsWithRtpPacketLoss0.10.199.174.0","A"
"1455","pmRtpReceivedOctetsHi.10.199.214.0","A"
"1456","pmCallsWithRtpPacketLoss0.10.189.44.0","A"
"1457","pmCallsWithRtpPacketLoss2.10.199.204.0","A"
"1458","pmCallsWithRtpPacketLoss3.10.199.212.0","A"
"1459","pmNrOfAdmCtrlRejectedConnections.10.199.134.0","A"
"1460","pmCallsWithRtpPacketLoss5.10.199.74.0","A"
"1461","pmRtpOutOfSequencePkts.10.189.64.0","A"
"1462","pmConnLatePktsRatio4.10.199.222.0","O"
"1463","pmConnLatePktsRatio5.10.189.44.0","O"
"1464","pmRtpReceivedOctetsLo.10.199.44.0","A"
"1465","pmConnLatePktsRatio0.10.189.44.0","O"
"1466","pmCallsWithRtpPacketLoss5.10.199.224.0","A"
"1467","pmCallsWithRtpPacketLoss4.10.199.224.0","A"
"1468","pmRtpReceivedOctetsLo.10.199.194.0","A"
"1469","pmRtpReceivedDscpCongPackets.10.199.154.0","A"
"1470","pmCallsWithRtpPacketLoss1.10.199.222.0","A"
"1471","pmCallsWithRtpPacketLoss5.10.189.14.0","A"
"1472","pmCallsWithRtpPacketLoss1.10.189.44.0","A"
"1473","pmCallsWithRtpPacketLoss3.10.189.64.0","A"
"1474","pmCallsWithRtpPacketLoss2.10.189.64.0","A"
"1475","pmConnLatePktsRatio3.10.189.64.0","O"
"1476","pmRtpReceivedOctetsHi.10.199.144.0","A"
"1477","pmConnLatePktsRatio6.10.199.44.0","O"
"1478","pmRtpReceivedPkts.10.199.64.0","O"
"1479","pmCallsWithRtpPacketLoss0.10.199.64.0","A"
"1480","pmRtpReceivedPktsLo.10.199.64.0","O"
"1481","pmCallsWithRtpPacketLoss0.10.199.224.0","A"
"1482","pmConnLatePktsRatio5.10.199.144.0","O"
"1483","pmConnLatePktsRatio5.10.199.234.0","O"
"1484","pmConnLatePktsRatio2.10.189.44.0","O"
"1485","pmCallsWithRtpPacketLoss2.10.189.14.0","A"
"1486","pmRtpSentPktsLo.10.189.34.0","A"
"1487","pmRtpSentOctetsHi.10.199.154.0","A"
"1488","pmCallsWithRtpPacketLoss6.10.199.44.0","A"
"1489","pmCallsWithRtpPacketLoss2.10.199.64.0","A"
"1490","pmCallsWithRtpPacketLoss4.10.199.94.0","A"
"1491","pmRtpSentPktsLo.10.199.134.0","A"
"1492","pmRtpSentPktsHi.10.199.204.0","A"
"1493","pmConnLatePktsRatio6.10.189.64.0","O"
"1494","pmRtpLostPkts.10.199.154.0","A"
"1495","pmNrOfAdmCtrlRejectedConnections.10.199.224.0","A"
"1496","pmConnLatePktsRatio4.10.199.64.0","O"
"1497","pmRtpSentOctetsLo.10.199.194.0","A"
"1498","pmConnLatePktsRatio2.10.199.74.0","O"
"1499","pmRtpReceivedOctetsLo.10.189.14.0","A"
"1500","pmNrOfAdmCtrlRejectedConnections.10.189.64.0","A"
"1501","pmRtpLostPkts.10.199.174.0","A"
"1502","pmCallsWithRtpPacketLoss4.10.199.154.0","A"
"1503","pmConnLatePktsRatio6.10.199.224.0","O"
"1504","pmConnLatePktsRatio3.10.199.114.0","O"
"1505","pmCallsWithRtpPacketLoss4.10.199.184.0","A"
"1506","pmRtpSentOctetsHi.10.199.174.0","A"
"1507","pmCallsWithRtpPacketLoss6.10.189.14.0","A"
"1508","pmConnLatePktsRatio2.10.199.192.0","O"
"1509","pmRtpReceivedDscpCongPackets.10.199.194.0","A"
"1510","pmConnLatePktsRatio5.10.199.94.0","O"
"1511","pmRtpReceivedPktsLo.10.189.64.0","O"
"1512","pmRtpReceivedPktsHi.10.199.184.0","O"
"1513","pmCallsWithRtpPacketLoss5.10.199.232.0","A"
"1514","pmRtpReceivedDscpCongPackets.10.199.214.0","A"
"1515","pmConnLatePktsRatio4.10.199.234.0","O"
"1516","pmRtpSentOctetsLo.10.199.174.0","A"
"1517","pmConnLatePktsRatio2.10.199.194.0","O"
"1518","pmRtpSentPktsLo.10.189.4.0","A"
"1519","pmRtpReceivedOctetsHi.10.199.212.0","A"
"1520","pmCallsWithRtpPacketLoss0.10.199.44.0","A"
"1521","pmRtpReceivedPkts.10.189.64.0","O"
"1522","pmCallsWithRtpPacketLoss2.10.199.184.0","A"
"1523","pmRtpOutOfSequencePkts.10.199.44.0","A"
"1524","pmRtpReceivedPkts.10.189.14.0","O"
"1525","pmConnLatePktsRatio3.10.199.64.0","O"
"1526","pmRtpOutOfSequencePkts.10.189.4.0","A"
"1527","pmCallsWithRtpPacketLoss2.10.199.222.0","A"
"1528","pmRtpSentOctetsHi.10.199.144.0","A"
"1529","pmRtpReceivedOctetsHi.10.199.134.0","A"
"1530","pmConnLatePktsRatio6.10.199.212.0","O"
"1531","pmRtpSentPktsHi.10.199.74.0","A"
"1532","pmRtpReceivedOctetsLo.10.199.144.0","A"
"1533","pmCallsWithRtpPacketLoss3.10.199.94.0","A"
"1534","pmNrOfAdmCtrlRejectedConnections.10.199.222.0","A"
"1535","pmCallsWithRtpPacketLoss4.10.199.212.0","A"
"1536","pmRtpDiscardedPkts.10.199.194.0","A"
"1537","pmConnLatePktsRatio5.10.199.232.0","O"
"1538","pmRtpReceivedPktsHi.10.199.224.0","O"
"1539","pmConnLatePktsRatio6.10.199.192.0","O"
"1540","pmConnLatePktsRatio0.10.199.154.0","O"
"1541","pmConnLatePktsRatio1.10.189.14.0","O"
"1542","pmRtpOutOfSequencePkts.10.199.224.0","A"
"1543","pmRtpOutOfSequencePkts.10.199.234.0","A"
"1544","pmRtpSentPktsHi.10.199.134.0","A"
"1545","pmCallsWithRtpPacketLoss1.10.189.4.0","A"
"1546","pmCallsWithRtpPacketLoss2.10.199.134.0","A"
"1547","pmRtpSentOctetsLo.10.189.4.0","A"
"1548","pmRtpReceivedOctetsLo.10.199.214.0","A"
"1549","pmRtpSentOctetsLo.10.199.224.0","A"
"1550","pmConnLatePktsRatio1.10.199.94.0","O"
"1551","pmCallsWithRtpPacketLoss4.10.199.74.0","A"
"1552","pmCallsWithRtpPacketLoss3.10.199.64.0","A"
"1553","pmConnLatePktsRatio2.10.199.94.0","O"
"1554","pmCallsWithRtpPacketLoss1.10.199.184.0","A"
"1555","pmRtpOutOfSequencePkts.10.199.74.0","A"
"1556","pmConnLatePktsRatio3.10.199.134.0","O"
"1557","pmCallsWithRtpPacketLoss5.10.199.64.0","A"
"1558","pmCallsWithRtpPacketLoss6.10.199.24.0","A"
"1559","pmRtpSentOctetsHi.10.199.204.0","A"
"1560","pmRtpOutOfSequencePkts.10.199.154.0","A"
"1561","pmRtpReceivedOctetsHi.10.189.44.0","A"
"1562","pmCallsWithRtpPacketLoss0.10.199.194.0","A"
"1563","pmRtpReceivedPkts.10.199.192.0","O"
"1564","pmCallsWithRtpPacketLoss3.10.199.44.0","A"
"1565","pmCallsWithRtpPacketLoss1.10.199.134.0","A"
"1566","pmRtpDiscardedPkts.10.199.204.0","A"
"1567","pmRtpSentOctetsHi.10.199.134.0","A"
"1568","pmRtpSentPktsLo.10.189.14.0","A"
"1569","pmCallsWithRtpPacketLoss3.10.189.44.0","A"
"1570","pmRtpOutOfSequencePkts.10.189.14.0","A"
"1571","pmCallsWithRtpPacketLoss3.10.199.144.0","A"
"1572","pmRtpSentPktsHi.10.189.4.0","A"
"1573","pmNrOfAdmCtrlRejectedConnections.10.189.4.0","A"
"1574","pmCallsWithRtpPacketLoss3.10.199.114.0","A"
"1575","pmConnLatePktsRatio0.10.199.64.0","O"
"1576","pmRtpReceivedPktsLo.10.199.94.0","O"
"1577","pmRtpLostPkts.10.199.74.0","A"
"1578","pmRtpSentPktsHi.10.199.64.0","A"
"1579","pmCallsWithRtpPacketLoss3.10.199.154.0","A"
"1580","pmRtpSentPktsLo.10.199.64.0","A"
"1581","pmRtpReceivedDscpCongPackets.10.199.144.0","A"
"1582","pmCallsWithRtpPacketLoss6.10.199.222.0","A"
"1583","pmConnLatePktsRatio2.10.199.184.0","O"
"1584","pmRtpReceivedOctetsHi.10.189.34.0","A"
"1585","pmConnLatePktsRatio3.10.199.94.0","O"
"1586","pmCallsWithRtpPacketLoss4.10.199.64.0","A"
"1587","pmConnLatePktsRatio5.10.199.184.0","O"
"1588","PktLoss.10.199.94.0","O"
"1589","pmRtpSentPktsLo.10.189.64.0","A"
"1590","pmRtpSentOctetsHi.10.199.74.0","A"
"1591","PktLoss.10.199.214.0","O"
"1592","pmCallsWithRtpPacketLoss0.10.199.114.0","A"
"1593","pmConnLatePktsRatio1.10.199.232.0","O"
"1594","pmRtpReceivedOctetsLo.10.199.192.0","A"
"1595","pmConnLatePktsRatio1.10.199.204.0","O"
"1596","pmRtpReceivedDscpCongPackets.10.199.134.0","A"
"1597","pmConnLatePktsRatio0.10.199.44.0","O"
"1598","pmRtpReceivedPkts.10.199.234.0","O"
"1599","pmRtpSentPktsLo.10.199.74.0","A"
"1600","pmCallsWithRtpPacketLoss4.10.199.222.0","A"
"1601","pmCallsWithRtpPacketLoss4.10.189.34.0","A"
"1602","pmRtpSentOctetsLo.10.199.192.0","A"
"1603","pmCallsWithRtpPacketLoss2.10.199.154.0","A"
"1604","pmRtpLostPkts.10.199.24.0","A"
"1605","pmConnLatePktsRatio1.10.189.34.0","O"
"1606","pmRtpReceivedDscpCongPackets.10.199.174.0","A"
"1607","pmRtpSentOctetsHi.10.189.44.0","A"
"1608","pmRtpOutOfSequencePkts.10.199.214.0","A"
"1609","pmCallsWithRtpPacketLoss6.10.199.232.0","A"
"1610","pmConnLatePktsRatio6.10.199.144.0","O"
"1611","pmCallsWithRtpPacketLoss6.10.199.194.0","A"
"1612","pmCallsWithRtpPacketLoss3.10.199.204.0","A"
"1613","pmConnLatePktsRatio4.10.199.204.0","O"
"1614","pmRtpReceivedDscpCongPackets.10.199.234.0","A"
"1615","pmRtpSentPktsHi.10.199.184.0","A"
"1616","pmRtpSentPktsLo.10.199.234.0","A"
"1617","pmConnLatePktsRatio4.10.199.232.0","O"
"1618","pmConnLatePktsRatio5.10.189.14.0","O"
"1619","pmRtpReceivedOctetsLo.10.199.134.0","A"
"1620","pmConnLatePktsRatio1.10.199.194.0","O"
"1621","pmRtpLostPkts.10.199.94.0","A"
"1622","pmCallsWithRtpPacketLoss3.10.199.24.0","A"
"1623","pmRtpReceivedPktsHi.10.199.114.0","O"
"1624","pmConnLatePktsRatio0.10.199.224.0","O"
"1625","pmRtpSentOctetsHi.10.199.184.0","A"
"1626","pmRtpReceivedPktsHi.10.189.4.0","O"
"1627","pmCallsWithRtpPacketLoss4.10.199.232.0","A"
"1628","pmCallsWithRtpPacketLoss6.10.199.174.0","A"
"1629","pmConnLatePktsRatio4.10.199.184.0","O"
"1630","pmConnLatePktsRatio2.10.199.204.0","O"
"1631","pmRtpReceivedPkts.10.189.44.0","O"
"1632","pmCallsWithRtpPacketLoss4.10.199.174.0","A"
"1633","pmConnLatePktsRatio0.10.199.24.0","O"
"1634","pmCallsWithRtpPacketLoss1.10.199.204.0","A"
"1635","pmRtpOutOfSequencePkts.10.199.114.0","A"
"1636","pmConnLatePktsRatio0.10.199.144.0","O"
"1637","pmRtpReceivedPktsHi.10.199.222.0","O"
"1638","pmRtpReceivedOctetsHi.10.199.234.0","A"
"1639","pmConnLatePktsRatio4.10.189.64.0","O"
"1640","pmRtpReceivedPkts.10.199.174.0","O"
"1641","pmRtpReceivedPktsLo.10.199.192.0","O"
"1642","pmRtpReceivedOctetsLo.10.199.64.0","A"
"1643","pmRtpReceivedOctetsHi.10.189.4.0","A"
"1644","pmCallsWithRtpPacketLoss2.10.199.212.0","A"
"1645","pmCallsWithRtpPacketLoss6.10.199.134.0","A"
"1646","pmRtpLostPkts.10.199.44.0","A"
"1647","pmCallsWithRtpPacketLoss2.10.199.214.0","A"
"1648","pmCallsWithRtpPacketLoss1.10.199.154.0","A"
"1649","pmConnLatePktsRatio4.10.189.44.0","O"
"1650","pmNrOfAdmCtrlRejectedConnections.10.199.184.0","A"
"1651","pmCallsWithRtpPacketLoss6.10.199.64.0","A"
"1652","pmRtpReceivedOctetsLo.10.189.44.0","A"
"1653","pmRtpDiscardedPkts.10.199.174.0","A"
"1654","PktLoss.10.199.234.0","O"
"1655","pmRtpReceivedPktsHi.10.199.44.0","O"
"1656","pmRtpLostPkts.10.199.194.0","A"
"1657","pmConnLatePktsRatio6.10.199.234.0","O"
"1658","pmConnLatePktsRatio5.10.199.202.0","O"
"1659","pmRtpReceivedPktsHi.10.199.202.0","O"
"1660","RTPLoss.10.199.174.0","O"
"1661","pmRtpSentOctetsLo.10.199.34.0","A"
"1662","pmRtpSentPktsHi.10.199.84.0","A"
"1663","pmNrOfAdmCtrlRejectedConnections.10.199.54.0","A"
"1664","pmRtpOutOfSequencePkts.10.199.242.0","A"
"1665","pmRtpReceivedOctetsLo.10.199.34.0","A"
"1666","pmCallsWithRtpPacketLoss2.10.199.34.0","A"
"1667","pmConnLatePktsRatio1.10.199.54.0","O"
"1668","pmConnLatePktsRatio4.10.199.34.0","O"
"1669","pmRtpOutOfSequencePkts.10.199.34.0","A"
"1670","pmCallsWithRtpPacketLoss6.10.199.34.0","A"
"1671","pmConnLatePktsRatio1.10.199.202.0","O"
"1672","pmRtpReceivedOctetsHi.10.199.242.0","A"
"1673","pmConnLatePktsRatio2.10.199.34.0","O"
"1674","pmConnLatePktsRatio1.10.199.34.0","O"
"1675","pmRtpReceivedPktsHi.10.199.54.0","O"
"1676","pmRtpDiscardedPkts.10.199.202.0","A"
"1677","pmRtpReceivedPktsLo.10.199.242.0","O"
"1678","pmConnLatePktsRatio5.10.199.34.0","O"
"1679","pmCallsWithRtpPacketLoss0.10.199.242.0","A"
"1680","PktLoss.10.199.84.0","O"
"1681","pmRtpReceivedPktsHi.10.199.84.0","O"
"1682","pmConnLatePktsRatio0.10.199.54.0","O"
"1683","pmCallsWithRtpPacketLoss1.10.199.54.0","A"
"1684","pmRtpDiscardedPkts.10.199.242.0","A"
"1685","pmRtpReceivedPkts.10.199.202.0","O"
"1686","pmCallsWithRtpPacketLoss3.10.199.202.0","A"
"1687","pmConnLatePktsRatio6.10.199.34.0","O"
"1688","pmRtpLostPkts.10.199.242.0","A"
"1689","pmConnLatePktsRatio3.10.199.84.0","O"
"1690","pmNrOfAdmCtrlRejectedConnections.10.199.242.0","A"
"1691","RTPLoss.10.199.94.0","O"
"1692","pmConnLatePktsRatio5.10.199.242.0","O"
"1693","pmConnLatePktsRatio1.10.199.242.0","O"
"1694","pmCallsWithRtpPacketLoss4.10.199.34.0","A"
"1695","pmCallsWithRtpPacketLoss4.10.199.54.0","A"
"1696","pmRtpReceivedPktsLo.10.199.34.0","O"
"1697","pmRtpSentPktsLo.10.199.242.0","A"
"1698","pmRtpLostPkts.10.199.54.0","A"
"1699","pmCallsWithRtpPacketLoss4.10.199.242.0","A"
"1700","pmConnLatePktsRatio3.10.199.202.0","O"
"1701","PktLoss.10.199.202.0","O"
"1702","pmCallsWithRtpPacketLoss0.10.199.202.0","A"
"1703","pmRtpLostPkts.10.199.84.0","A"
"1704","pmCallsWithRtpPacketLoss0.10.199.34.0","A"
"1705","pmRtpReceivedDscpCongPackets.10.199.202.0","A"
"1706","pmConnLatePktsRatio0.10.199.84.0","O"
"1707","pmRtpSentOctetsHi.10.199.34.0","A"
"1708","pmCallsWithRtpPacketLoss4.10.199.84.0","A"
"1709","pmRtpSentPktsLo.10.199.84.0","A"
"1710","pmCallsWithRtpPacketLoss4.10.199.202.0","A"
"1711","pmRtpSentPktsLo.10.199.202.0","A"
"1712","pmRtpReceivedDscpCongPackets.10.199.242.0","A"
"1713","pmConnLatePktsRatio4.10.199.84.0","O"
"1714","pmRtpReceivedPktsLo.10.199.202.0","O"
"1715","pmConnLatePktsRatio4.10.199.54.0","O"
"1716","pmRtpReceivedPktsHi.10.199.242.0","O"
"1717","pmCallsWithRtpPacketLoss1.10.199.242.0","A"
"1718","pmNrOfAdmCtrlRejectedConnections.10.199.202.0","A"
"1719","pmRtpSentOctetsLo.10.199.202.0","A"
"1720","pmRtpReceivedDscpCongPackets.10.199.84.0","A"
"1721","pmCallsWithRtpPacketLoss2.10.199.202.0","A"
"1722","pmRtpReceivedPktsLo.10.199.84.0","O"
"1723","pmCallsWithRtpPacketLoss2.10.199.84.0","A"
"1724","pmRtpSentPktsHi.10.199.34.0","A"
"1725","pmRtpReceivedPkts.10.199.84.0","O"
"1726","pmRtpReceivedOctetsLo.10.199.242.0","A"
"1727","PktLoss.10.199.242.0","O"
"1728","pmRtpSentOctetsHi.10.199.54.0","A"
"1729","pmConnLatePktsRatio5.10.199.54.0","O"
"1730","pmRtpSentPktsLo.10.199.54.0","A"
"1731","pmCallsWithRtpPacketLoss3.10.199.242.0","A"
"1732","pmConnLatePktsRatio3.10.199.54.0","O"
"1733","pmCallsWithRtpPacketLoss1.10.199.202.0","A"
"1734","pmCallsWithRtpPacketLoss1.10.199.84.0","A"
"1735","pmCallsWithRtpPacketLoss6.10.199.54.0","A"
"1736","pmConnLatePktsRatio5.10.199.84.0","O"
"1737","pmConnLatePktsRatio3.10.199.242.0","O"
"1738","pmRtpReceivedDscpCongPackets.10.199.34.0","A"
"1739","pmRtpReceivedPktsHi.10.199.34.0","O"
"1740","pmRtpReceivedDscpCongPackets.10.199.54.0","A"
"1741","pmRtpLostPkts.10.199.202.0","A"
"1742","pmCallsWithRtpPacketLoss6.10.199.84.0","A"
"1743","pmRtpReceivedPkts.10.199.242.0","O"
"1744","pmCallsWithRtpPacketLoss0.10.199.54.0","A"
"1745","pmRtpDiscardedPkts.10.199.54.0","A"
"1746","pmConnLatePktsRatio6.10.199.202.0","O"
"1747","pmConnLatePktsRatio6.10.199.84.0","O"
"1748","pmConnLatePktsRatio2.10.199.202.0","O"
"1749","pmConnLatePktsRatio2.10.199.242.0","O"
"1750","pmRtpSentOctetsHi.10.199.202.0","A"
"1751","pmCallsWithRtpPacketLoss3.10.199.54.0","A"
"1752","pmRtpDiscardedPkts.10.199.84.0","A"
"1753","pmCallsWithRtpPacketLoss6.10.199.202.0","A"
"1754","pmRtpReceivedPkts.10.199.34.0","O"
"1755","pmCallsWithRtpPacketLoss6.10.199.242.0","A"
"1756","pmConnLatePktsRatio0.10.199.202.0","O"
"1757","pmRtpReceivedOctetsLo.10.199.54.0","A"
"1758","pmRtpSentOctetsHi.10.199.84.0","A"
"1759","pmRtpSentPktsHi.10.199.54.0","A"
"1760","pmConnLatePktsRatio0.10.199.242.0","O"
"1761","pmConnLatePktsRatio2.10.199.54.0","O"
"1762","PktLoss.10.199.34.0","O"
"1763","PktLoss.10.199.54.0","O"
"1764","pmRtpOutOfSequencePkts.10.199.202.0","A"
"1765","pmRtpDiscardedPkts.10.199.34.0","A"
"1766","pmRtpReceivedOctetsHi.10.199.34.0","A"
"1767","pmRtpLostPkts.10.199.34.0","A"
"1768","pmConnLatePktsRatio0.10.199.34.0","O"
"1769","pmRtpReceivedPkts.10.199.54.0","O"
"1770","pmNrOfAdmCtrlRejectedConnections.10.199.84.0","A"
"1771","pmRtpSentPktsHi.10.199.202.0","A"
"1772","pmConnLatePktsRatio6.10.199.242.0","O"
"1773","pmRtpSentOctetsLo.10.199.54.0","A"
"1774","pmRtpReceivedOctetsHi.10.199.84.0","A"
"1775","pmCallsWithRtpPacketLoss2.10.199.242.0","A"
"1776","pmCallsWithRtpPacketLoss3.10.199.84.0","A"
"1777","pmCallsWithRtpPacketLoss3.10.199.34.0","A"
"1778","pmRtpSentOctetsLo.10.199.84.0","A"
"1779","pmConnLatePktsRatio2.10.199.84.0","O"
"1780","pmConnLatePktsRatio3.10.199.34.0","O"
"1781","pmCallsWithRtpPacketLoss5.10.199.242.0","A"
"1782","pmCallsWithRtpPacketLoss2.10.199.54.0","A"
"1783","pmRtpOutOfSequencePkts.10.199.84.0","A"
"1784","pmRtpOutOfSequencePkts.10.199.54.0","A"
"1785","pmCallsWithRtpPacketLoss5.10.199.34.0","A"
"1786","pmNrOfAdmCtrlRejectedConnections.10.199.34.0","A"
"1787","pmRtpSentPktsHi.10.199.242.0","A"
"1788","pmCallsWithRtpPacketLoss0.10.199.84.0","A"
"1789","pmConnLatePktsRatio1.10.199.84.0","O"
"1790","pmConnLatePktsRatio4.10.199.242.0","O"
"1791","pmCallsWithRtpPacketLoss1.10.199.34.0","A"
"1792","pmRtpSentPktsLo.10.199.34.0","A"
"1793","pmRtpReceivedOctetsLo.10.199.202.0","A"
"1794","pmConnLatePktsRatio4.10.199.202.0","O"
"1795","pmRtpReceivedOctetsHi.10.199.54.0","A"
"1796","pmRtpSentOctetsHi.10.199.242.0","A"
"1797","pmRtpReceivedOctetsLo.10.199.84.0","A"
"1798","pmCallsWithRtpPacketLoss5.10.199.202.0","A"
"1799","pmRtpReceivedPktsLo.10.199.54.0","O"
"1800","pmConnLatePktsRatio6.10.199.54.0","O"
"1801","pmCallsWithRtpPacketLoss5.10.199.84.0","A"
"1802","pmRtpReceivedOctetsHi.10.199.202.0","A"
"1803","pmCallsWithRtpPacketLoss5.10.199.54.0","A"
"1804","pmRtpSentOctetsLo.10.199.242.0","A"
"1805","pmCallsWithRtpPacketLoss1.10.189.54.0","A"
"1806","pmConnLatePktsRatio3.10.199.252.0","O"
"1807","pmCallsWithRtpPacketLoss4.10.189.54.0","A"
"1808","pmConnLatePktsRatio6.10.199.252.0","O"
"1809","pmConnLatePktsRatio4.10.199.252.0","O"
"1810","pmConnLatePktsRatio3.10.189.54.0","O"
"1811","pmRtpSentOctetsLo.10.189.54.0","A"
"1812","pmNrOfAdmCtrlRejectedConnections.10.199.252.0","A"
"1813","pmConnLatePktsRatio5.10.189.54.0","O"
"1814","pmRtpReceivedDscpCongPackets.10.199.252.0","A"
"1815","pmConnLatePktsRatio1.10.189.54.0","O"
"1816","pmRtpReceivedPktsHi.10.189.54.0","O"
"1817","pmConnLatePktsRatio1.10.199.252.0","O"
"1818","pmRtpSentOctetsLo.10.199.252.0","A"
"1819","PktLoss.10.189.54.0","O"
"1820","pmRtpReceivedOctetsLo.10.189.54.0","A"
"1821","pmRtpReceivedOctetsLo.10.199.252.0","A"
"1822","pmRtpSentPktsHi.10.189.54.0","A"
"1823","pmRtpSentPktsLo.10.189.54.0","A"
"1824","pmCallsWithRtpPacketLoss5.10.189.54.0","A"
"1825","pmRtpOutOfSequencePkts.10.189.54.0","A"
"1826","pmCallsWithRtpPacketLoss3.10.199.252.0","A"
"1827","pmCallsWithRtpPacketLoss0.10.189.54.0","A"
"1828","pmRtpSentOctetsHi.10.189.54.0","A"
"1829","pmRtpReceivedPktsHi.10.199.252.0","O"
"1830","pmRtpSentPktsHi.10.199.252.0","A"
"1831","pmCallsWithRtpPacketLoss6.10.189.54.0","A"
"1832","pmRtpDiscardedPkts.10.199.252.0","A"
"1833","pmConnLatePktsRatio6.10.189.54.0","O"
"1834","RTPLoss.10.199.54.0","O"
"1835","pmRtpDiscardedPkts.10.189.54.0","A"
"1836","pmRtpReceivedPktsLo.10.189.54.0","O"
"1837","pmCallsWithRtpPacketLoss3.10.189.54.0","A"
"1838","pmConnLatePktsRatio2.10.189.54.0","O"
"1839","pmRtpSentPktsLo.10.199.252.0","A"
"1840","pmConnLatePktsRatio4.10.189.54.0","O"
"1841","pmRtpReceivedPktsLo.10.199.252.0","O"
"1842","pmCallsWithRtpPacketLoss4.10.199.252.0","A"
"1843","pmRtpReceivedOctetsHi.10.199.252.0","A"
"1844","pmRtpReceivedPkts.10.189.54.0","O"
"1845","pmRtpOutOfSequencePkts.10.199.252.0","A"
"1846","pmConnLatePktsRatio2.10.199.252.0","O"
"1847","pmRtpReceivedDscpCongPackets.10.189.54.0","A"
"1848","pmRtpLostPkts.10.199.252.0","A"
"1849","pmRtpSentOctetsHi.10.199.252.0","A"
"1850","pmCallsWithRtpPacketLoss5.10.199.252.0","A"
"1851","pmCallsWithRtpPacketLoss6.10.199.252.0","A"
"1852","pmConnLatePktsRatio0.10.189.54.0","O"
"1853","PktLoss.10.199.252.0","O"
"1854","pmRtpReceivedOctetsHi.10.189.54.0","A"
"1855","pmCallsWithRtpPacketLoss2.10.199.252.0","A"
"1856","pmCallsWithRtpPacketLoss1.10.199.252.0","A"
"1857","pmConnLatePktsRatio0.10.199.252.0","O"
"1858","pmCallsWithRtpPacketLoss2.10.189.54.0","A"
"1859","pmCallsWithRtpPacketLoss0.10.199.252.0","A"
"1860","pmNrOfAdmCtrlRejectedConnections.10.189.54.0","A"
"1861","pmRtpReceivedPkts.10.199.252.0","O"
"1862","pmConnLatePktsRatio5.10.199.252.0","O"
"1863","pmRtpLostPkts.10.189.54.0","A"
"1864","PktLoss.10.199.24.0","O"
"1865","RTPLoss.10.199.114.0","O"
"1866","RTPLoss.10.199.252.0","O"
"1867","RTPLoss.10.199.64.0","O"
"1868","RTPLoss.10.199.192.0","O"
"1869","RTPLoss.10.199.232.0","O"
"1870","RTPLoss.10.199.242.0","O"
"1871","RTPLoss.10.199.34.0","O"
"1872","RTPLoss.10.199.84.0","O"
"1873","RTPLoss.10.199.202.0","O"
"1874","RTPLoss.10.199.24.0","O"
"1875","RTPLoss.10.199.44.0","O"
"1876","RTPLoss.10.189.34.0","O"
"1877","RTPLoss.10.189.54.0","O"
"1878","RTPLoss.10.199.212.0","O"
"1879","RTPLoss.10.199.154.0","O"
"1880","RTPLoss.10.199.134.0","O"
"1881","RTPLoss.10.199.184.0","O"
"1882","RTPLoss.10.189.4.0","O"
"1883","RTPLoss.10.189.14.0","O"
"1884","RTPLoss.10.199.224.0","O"
"1885","RTPLoss.10.199.194.0","O"
"1886","RTPLoss.10.189.44.0","O"
"1887","RTPLoss.10.199.144.0","O"
"1888","RTPLoss.10.199.214.0","O"
"1889","RTPLoss.10.199.234.0","O"
"1890","RTPLoss.10.199.74.0","O"
"1891","RTPLoss.10.189.64.0","O"
"1892","RTPLoss.10.199.204.0","O"
"1893","pmIpInAddrErrors.CTRL-4_10.14.11.69","D"
"1894","pmIpInReceives.CTRL-25_10.14.11.70","D"
"1895","pmIpPortUnreachable.CTRL-25_10.14.11.70","D"
"1896","IPQoS.CTRL-4_10.14.11.69","O"
"1897","pmIpInHdrErrors.CTRL-4_10.14.11.69","D"
"1898","pmIpInAddrErrors.CTRL-25_10.14.11.70","D"
"1899","pmIpInUnknownProtos.CTRL-4_10.14.11.69","D"
"1900","ErrorRate.MRFP_CTRL-25_Media","O"
"1901","pmIpInDelivers.CTRL-4_10.14.11.69","D"
"1902","IPInDiscards.MRFP_CTRL-4_Media","O"
"1903","pmIpInDiscards.CTRL-4_10.14.11.69","D"
"1904","ErrorRate.MRFP_CTRL-4_Media","O"
"1905","pmIpOutDiscards.CTRL-4_10.14.11.69","D"
"1906","pmIpPortUnreachable.CTRL-4_10.14.11.69","D"
"1907","IPOutDiscards.MRFP_CTRL-25_Media","O"
"1908","pmIpOutDiscards.CTRL-25_10.14.11.70","D"
"1909","IPInDiscards.MRFP_CTRL-25_Media","O"
"1910","pmIpOutRequests.CTRL-25_10.14.11.70","D"
"1911","pmIpInHdrErrors.CTRL-25_10.14.11.70","D"
"1912","pmIpOutRequests.CTRL-4_10.14.11.69","D"
"1913","IPOutDiscards.MRFP_CTRL-4_Media","O"
"1914","IPQoS.CTRL-25_10.14.11.70","O"
"1915","pmIpInUnknownProtos.CTRL-25_10.14.11.70","D"
"1916","ErrorRate.MRFP_CTRL-4_Sig","O"
"1917","pmIpInReceives.CTRL-4_10.14.11.69","D"
"1918","IPOutDiscards.MRFP_CTRL-4_Sig","O"
"1919","pmIpInDiscards.CTRL-25_10.14.11.70","D"
"1920","pmIpInDelivers.CTRL-25_10.14.11.70","D"
"1921","IPQoS.MAIN-19_MRFP_SIG","O"
"1922","IPInDiscards.MRFP_CTRL-4_Sig","O"
"1923","IPOutDiscards.MRFP_CTRL-25_Sig","O"
"1924","ErrorRate.MRFP_CTRL-25_Sig","O"
"1925","IPInDiscards.MRFP_CTRL-25_Sig","O"
"1926","pmAverageBwAmrVoipPtime20Ipv6",
"1927","pmBusyInstances.VbdService","G"
"1928","pmAverageBwG729Ptime20Ipv6",
"1929","pmBusyInstances.EvrcService","G"
"1930","pmBusyInstances.AscService","G"
"1931","pmBusyInstances.EvsService","G"
"1932","pmAverageBwG722VoipPtime20.1","G"
"1933","maxNrOfLicMediaStreamChannelsVoip.1",
"1934","pmBusyInstances.G719Service","G"
"1935","pmBusyInstances.T38FaxService","G"
"1936","pmAverageBwG722VoipPtime20Ipv6",
"1937","pmBusyInstances.OpusService","G"
"1938","pmBusyInstances.G722Service","G"
"1939","pmUnsuccSeizures.OpusService","A"
"1940","pmUnsuccSeizures.EvrcService","A"
"1941","pmUnsuccSeizures.T38FaxService","A"
"1942","pmUnsuccSeizures.G719Service","A"
"1943","pmUnsuccSeizures.EvsService","A"
"1944","pmUnsuccSeizures.VbdService","A"
"1945","pmUnsuccSeizures.AscService","A"
"1946","pmUnsuccSeizures.G722Service","A"
"1947","pmNoOfHdrErrors","A"
"1948","pmNoOfIpOutDiscards","A"
"1949","pmNoOfIpInDiscards","A"
"1950","Pb_IpDatagrams","O"
"1951","pmNoOfIpAddrErrors","A"
"1952","pmNrOfTermIuInitSucc","A"
"1953","pmNrOfTermIuInit","A"
"1954","pmProcessorLoad.CTRL-6","G"
"1955","pmProcessorLoad.CTRL-23","G"
"1956","pmProcessorLoad.CTRL-13","G"
"1957","pmProcessorLoad.CTRL-11","G"
"1958","pmProcessorLoad.MAIN-8","G"
"1959","pmProcessorLoad.MSE2-1","G"
"1960","pmProcessorLoad.MAIN-9","G"
"1961","pmProcessorLoad.MAIN-10","G"
"1962","pmProcessorLoad.MSE2-28","G"
"1963","pmProcessorLoad.MSE2-11","G"
"1964","pmProcessorLoad.MSE2-12","G"
"1965","pmProcessorLoad.MSE2-27","G"
"1966","pmProcessorLoad.MSE2-8","G"
"1967","pmProcessorLoad.MSE2-2","G"
"1968","pmProcessorLoad.MSE2-10","G"
"1969","pmProcessorLoad.MSE2-9","G"
"1970","pmProcessorLoad.MSE2-25","G"
"1971","pmProcessorLoad.MSE2-26","G"
"1972","pmProcessorLoad.MSE2-16","G"
"1973","pmProcessorLoad.MSE2-18","G"
"1974","pmProcessorLoad.MSE2-6","G"
"1975","pmProcessorLoad.MSE2-7","G"
"1976","pmProcessorLoad.MSE2-17","G"
"1977","pmProcessorLoad.MSE2-15","G"
"1978","pmProcessorLoad.MSE2-13","G"
"1979","pmProcessorLoad.MSE2-3","G"
